place	post_id
tunis	1008279892518211_1708661635813363
tunis	1008279892518211_1708956122450581
tunis	1008279892518211_1707703319242528
benArous	1008279892518211_1708698959142964
tunis	1008279892518211_1707358425943684
tunis	1008279892518211_1707987425880784
tunis	1008279892518211_1707907745888752
tunis	1008279892518211_1708476759165184
tunis	1008279892518211_1708372042508989
tunis	1008279892518211_1708421879170672
tunis	1008279892518211_1708181065861420
tunis	1008279892518211_1707708025908724
tunis	1008279892518211_1706822215997305
tunis	1008279892518211_1707785789234281
tunis	1008279892518211_1707664435913083
tunis	1008279892518211_1707654965914030
tunis	1008279892518211_1705463736133153
tunis	1008279892518211_1707424982603695
tunis	1008279892518211_1707404929272367
tunis	1008279892518211_1705967586082768
tunis	1008279892518211_1704651529547707
benArous	1008279892518211_1704836032862590
tunis	1008279892518211_1705356502810543
tunis	1008279892518211_1705447179468142
tunis	1008279892518211_1704694906210036
tunis	1008279892518211_1704384009574459
benArous	1008279892518211_1704347249578135
kairouan	1008279892518211_1703402699672590
tunis	1008279892518211_1704272606252266
sousse	1008279892518211_1704205272925666
tunis	1008279892518211_1701980066481520
sfax	1008279892518211_1700568649955995
tunis	1008279892518211_1699105576768969
ariana	1008279892518211_1699952476684279
tunis	1008279892518211_1699723756707151
tunis	1008279892518211_1699592480053612
ariana	1008279892518211_1699407143405479
tunis	1008279892518211_1697576040255256
tunis	1008279892518211_1699247023421491
tunis	1008279892518211_1699161460096714
tunis	1008279892518211_1693083804037813
tunis	1008279892518211_1699072353438958
tunis	1008279892518211_1695522277127299
tunis	1008279892518211_1695881717091355
sousse	1008279892518211_1697441826935344
bizert	1008279892518211_1695852243760969
zaghouan	1008279892518211_1693810583965135
sousse	1008279892518211_1695811673765026
manouba	1008279892518211_1696672193678974
nabeul	1008279892518211_1695978957081631
tunis	1008279892518211_1692328800779980
kef	1008279892518211_1693964097283117
tunis	1008279892518211_1688888251124035
tunis	1008279892518211_1685012618178265
benArous	1008279892518211_1691167910896069
kef	1008279892518211_1690240824322111
tunis	1008279892518211_1688566134489580
tunis	1008279892518211_1687302731282587
tunis	1008279892518211_1688238057855721
ariana	1008279892518211_1687120407967486
sousse	1008279892518211_1686420221370838
sousse	1008279892518211_1686961201316740
tunis	1008279892518211_1686764138003113
nabeul	1008279892518211_1683732684972925
nabeul	1008279892518211_1681583425187851
tunis	1008279892518211_1684720121540848
sousse	1008279892518211_1676164895729704
sousse	1008279892518211_1684416134904580
nabeul	1008279892518211_1683867941626066
sfax	1008279892518211_1674984565847737
sousse	1008279892518211_1683666644979529
tunis	1008279892518211_1680754871937373
benArous	1008279892518211_1683352008344326
kef	1008279892518211_1668894513123409
sousse	1008279892518211_1676973975648796
tunis	1008279892518211_1674651185881075
tunis	1008279892518211_1672607546085439
tunis	1008279892518211_1674819042530956
tunis	1008279892518211_1675335602479300
sousse	1008279892518211_1671067536239440
tunis	1008279892518211_1672050322807828
tunis	1008279892518211_1673791625967031
kairouan	1008279892518211_1674775839201943
zaghouan	1008279892518211_1669892093023651
tunis	1008279892518211_1674484285897765
tunis	1008279892518211_1669398173073043
tunis	1008279892518211_1668600486486145
sousse	1008279892518211_1669587129720814
tunis	1008279892518211_1662411327105061
bizert	1008279892518211_1670501402962720
tunis	1008279892518211_1666495256696668
tunis	1008279892518211_1667355293277331
kef	1008279892518211_1666416890037838
tunis	1008279892518211_1666905469988980
sousse	1008279892518211_1666282963384564
bizert	1008279892518211_1666842783328582
tunis	1008279892518211_1663831930296334
tunis	1008279892518211_1664014313611429
tunis	1008279892518211_1663864173626443
ariana	1008279892518211_1663741523638708
tunis	1008279892518211_1665328203480040
tunis	1008279892518211_1665322073480653
tunis	1008279892518211_1665035100176017
tunis	1008279892518211_1663869563625904
manouba	1008279892518211_1664789966867197
sfax	1008279892518211_1663107560368771
mahdia	1008279892518211_1664641910215336
sousse	1008279892518211_1664652193547641
tunis	1008279892518211_1663552126990981
tunis	1008279892518211_1663603113652549
ariana	1008279892518211_1663762856969908
tunis	1008279892518211_1661677977178396
tunis	1008279892518211_1664048243608036
sousse	1008279892518211_1661703633842497
kairouan	1008279892518211_1662444227101771
tunis	1008279892518211_1662285750450952
tunis	1008279892518211_1662436207102573
tunis	1008279892518211_1662847360394791
tunis	1008279892518211_1660405060639021
tunis	1008279892518211_1661756270503900
tunis	1008279892518211_1661339620545565
tunis	1008279892518211_1661482283864632
tunis	1008279892518211_1661184840561043
tunis	1008279892518211_1659377137408480
sousse	1008279892518211_1661115300567997
benArous	1008279892518211_1660202197325974
tunis	1008279892518211_1660840407262153
tunis	1008279892518211_1660826703930190
bizert	1008279892518211_1660823533930507
tunis	1008279892518211_1659104720769055
ariana	1008279892518211_1660164333996427
ariana	1008279892518211_1659441944068666
tunis	1008279892518211_1659435510735976
tunis	1008279892518211_1659421710737356
sousse	1008279892518211_1658447164168144
tunis	1008279892518211_1659345247411669
tunis	1008279892518211_1658216457524548
tunis	1008279892518211_1656064757739718
tunis	1008279892518211_1655712854441575
tunis	1008279892518211_1656421174370743
tunis	1008279892518211_1655676081111919
tunis	1008279892518211_1656390911040436
sousse	1008279892518211_1655437697802424
tunis	1008279892518211_1655196351159892
tunis	1008279892518211_1654259794586881
tunis	1008279892518211_1655595287786665
manouba	1008279892518211_1655526137793580
tunis	1008279892518211_1655354071144120
tunis	1008279892518211_1655247674488093
tunis	1008279892518211_1654192261260301
tunis	1008279892518211_1653601861319341
tunis	1008279892518211_1652471944765666
nabeul	1008279892518211_1651901938156000
tunis	1008279892518211_1653437158002478
tunis	1008279892518211_1651688114844049
tunis	1008279892518211_1651782431501284
tunis	1008279892518211_1651161361563391
sousse	1008279892518211_1649322475080613
tunis	1008279892518211_1648618661817661
ariana	1008279892518211_1648354568510737
tunis	1008279892518211_1647435265269334
monastir	1008279892518211_1647401091939418
sfax	1008279892518211_1647288198617374
tunis	1008279892518211_1645655185447342
tunis	1008279892518211_1646438842035643
tunis	1008279892518211_1646392242040303
tunis	1008279892518211_1646397062039821
tunis	1008279892518211_1644685445544316
tunis	1008279892518211_1644749512204576
benArous	1008279892518211_1645616715451189
tunis	1008279892518211_1645519902127537
tunis	1008279892518211_1644473908898803
tunis	1008279892518211_1645526652126862
tunis	1008279892518211_1645729172106610
tozeur	1008279892518211_1645657558780438
tozeur	1008279892518211_1645653658780828
tunis	1008279892518211_1644570618889132
tunis	1008279892518211_1643531362326391
tunis	1008279892518211_1644581268888067
sousse	1008279892518211_1644360922243435
tunis	1008279892518211_1643804805632380
tunis	1008279892518211_1641106315902229
tunis	1008279892518211_1643161089030085
sousse	1008279892518211_1643325689013625
bizert	1008279892518211_1642915209054673
sousse	1008279892518211_1640920725920788
tozeur	1008279892518211_1641300725882788
monastir	1008279892518211_1642825399063654
tunis	1008279892518211_1639835449362649
tunis	1008279892518211_1641123445900516
sousse	1008279892518211_1641050512574476
sousse	1008279892518211_1641021835910677
tunis	1008279892518211_1639494159396778
tunis	1008279892518211_1635267596486101
tunis	1008279892518211_1639400976072763
bizert	1008279892518211_1637630129583181
sfax	1008279892518211_1636469093032618
tunis	1008279892518211_1639317179414476
tozeur	1008279892518211_1639157142763813
tunis	1008279892518211_1639110696101791
sousse	1008279892518211_1639243412755186
tunis	1008279892518211_1635168383162689
tunis	1008279892518211_1638959299450264
tunis	1008279892518211_1638784952801032
benArous	1008279892518211_1637905916222269
bizert	1008279892518211_1638790732800454
tunis	1008279892518211_1638862092793318
sousse	1008279892518211_1638783079467886
sousse	1008279892518211_1638806036132257
sousse	1008279892518211_1637914029554791
kairouan	1008279892518211_1638715136141347
tunis	1008279892518211_1638255682853959
tunis	1008279892518211_1638673096145551
sousse	1008279892518211_1635561296456731
tunis	1008279892518211_1637016632977864
tunis	1008279892518211_1637126669633527
tunis	1008279892518211_1636519189694275
tunis	1008279892518211_1635508193128708
tunis	1008279892518211_1634726253206902
sousse	1008279892518211_1636278853051642
tunis	1008279892518211_1633388543340673
sousse	1008279892518211_1635049673174560
tunis	1008279892518211_1634723416540519
tunis	1008279892518211_1634941723185355
tunis	1008279892518211_1634190876593773
tunis	1008279892518211_1630060857006775
kairouan	1008279892518211_1629810117031849
sousse	1008279892518211_1630839123595615
tunis	1008279892518211_1630813196931541
tunis	1008279892518211_1630812970264897
benArous	1008279892518211_1630599413619586
sousse	1008279892518211_1630716093607918
tunis	1008279892518211_1630716433607884
monastir	1008279892518211_1630679353611592
sousse	1008279892518211_1630671773612350
tunis	1008279892518211_1630328603646667
tunis	1008279892518211_1630497030296491
benArous	1008279892518211_1627526877260173
ariana	1008279892518211_1627499860596208
tunis	1008279892518211_1627465767266284
tunis	1008279892518211_1626329704046557
bizert	1008279892518211_1627403413939186
tunis	1008279892518211_1623660357646825
tunis	1008279892518211_1627385187274342
sousse	1008279892518211_1624655240880670
tunis	1008279892518211_1625782807434580
tunis	1008279892518211_1625756910770503
tunis	1008279892518211_1625746290771565
tunis	1008279892518211_1622505934428934
ariana	1008279892518211_1621526444526883
sousse	1008279892518211_1621518124527715
ariana	1008279892518211_1621483747864486
tunis	1008279892518211_1620168177996043
tunis	1008279892518211_1619939014685626
tunis	1008279892518211_1620253434654184
tunis	1008279892518211_1619010328111828
nabeul	1008279892518211_1621349911211203
tunis	1008279892518211_1618288921517302
mahdia	1008279892518211_1618445268168334
tunis	1008279892518211_1618333601512834
tunis	1008279892518211_1618322184847309
bizert	1008279892518211_1615584625121065
bizert	1008279892518211_1614792791866915
tunis	1008279892518211_1618280434851484
bizert	1008279892518211_1618250601521134
gafsa	1008279892518211_1615531565126371
bizert	1008279892518211_1618211774858350
tunis	1008279892518211_1618137078199153
tunis	1008279892518211_1617029911643203
kef	1008279892518211_1617021991643995
ariana	1008279892518211_1616991334980394
sousse	1008279892518211_1616942941651900
tunis	1008279892518211_1615389008473960
sousse	1008279892518211_1616231941723000
tunis	1008279892518211_1616635878349273
tunis	1008279892518211_1614820421864152
place	post_id
tunis	1008279892518211_1610387215640806
sousse	1008279892518211_1615076421838552
nabeul	1008279892518211_1614468071899387
kef	1008279892518211_1614425335236994
tunis	1008279892518211_1615837061762488
tunis	1008279892518211_1615823671763827
mahdia	1008279892518211_1613843131961881
bizert	1008279892518211_1615809351765259
tunis	1008279892518211_1613061585373369
tunis	1008279892518211_1613245275355000
tunis	1008279892518211_1610767752269419
mahdia	1008279892518211_1609511622395032
tunis	1008279892518211_1609602759052585
tunis	1008279892518211_1608223445857183
gafsa	1008279892518211_1609376855741842
tunis	1008279892518211_1609149925764535
tunis	1008279892518211_1608271209185740
tunis	1008279892518211_1603627359650125
tunis	1008279892518211_1605670552779139
sfax	1008279892518211_1605523392793855
tunis	1008279892518211_1603127743033420
sfax	1008279892518211_1602449249767936
bizert	1008279892518211_1602920183054176
bizert	1008279892518211_1602914496388078
bizert	1008279892518211_1602908909721970
kef	1008279892518211_1602905079722353
tunis	1008279892518211_1602900736389454
bizert	1008279892518211_1602896999723161
tunis	1008279892518211_1602579703088224
sfax	1008279892518211_1602211816458346
ariana	1008279892518211_1602836293062565
sfax	1008279892518211_1602219049790956
tunis	1008279892518211_1601474613198733
kairouan	1008279892518211_1601155846563943
tunis	1008279892518211_1598635626815965
tunis	1008279892518211_1600347703311424
tunis	1008279892518211_1600770793269115
tunis	1008279892518211_1600397426639785
tunis	1008279892518211_1599843020028559
tunis	1008279892518211_1600036856675842
gafsa	1008279892518211_1599292126750315
tunis	1008279892518211_1598204440192417
tunis	1008279892518211_1597345686944959
tunis	1008279892518211_1598287763517418
kef	1008279892518211_1599085573437637
tunis	1008279892518211_1598403363505858
tunis	1008279892518211_1598258516853676
ariana	1008279892518211_1596980086981519
ariana	1008279892518211_1597851550227706
tunis	1008279892518211_1597783646901163
bizert	1008279892518211_1596406720372189
bizert	1008279892518211_1596401437039384
tunis	1008279892518211_1596221453724049
tunis	1008279892518211_1595516800461181
tunis	1008279892518211_1594197650593096
tunis	1008279892518211_1594766910536170
bizert	1008279892518211_1594979123848282
tunis	1008279892518211_1594953597184168
gafsa	1008279892518211_1592849657394562
tunis	1008279892518211_1590431137636414
tunis	1008279892518211_1590273954318799
gafsa	1008279892518211_1589961934350001
tunis	1008279892518211_1591291780883683
tunis	1008279892518211_1590678874278307
tunis	1008279892518211_1587759514570243
tunis	1008279892518211_1590514410961420
tunis	1008279892518211_1585150721497789
tunis	1008279892518211_1588119831200878
tunis	1008279892518211_1587891937890334
sfax	1008279892518211_1587412701271591
tunis	1008279892518211_1587372104608984
tunis	1008279892518211_1586582464687948
tunis	1008279892518211_1587115067968021
ariana	1008279892518211_1586658914680303
sousse	1008279892518211_1587339444612250
monastir	1008279892518211_1586424524703742
bizert	1008279892518211_1586243234721871
nabeul	1008279892518211_1584926818186846
sousse	1008279892518211_1584673634878831
tunis	1008279892518211_1584805078199020
tunis	1008279892518211_1584186021594259
sfax	1008279892518211_1584170554929139
tataouine	1008279892518211_1583617634984431
kasserine	1008279892518211_1582470011765860
tunis	1008279892518211_1583684538311074
kairouan	1008279892518211_1581720248507503
tunis	1008279892518211_1581215318557996
tunis	1008279892518211_1581695101843351
monastir	1008279892518211_1577218888957639
sousse	1008279892518211_1580650301947831
tunis	1008279892518211_1581355451877316
ariana	1008279892518211_1581185068561021
tunis	1008279892518211_1581092651903596
ariana	1008279892518211_1580745165271678
tunis	1008279892518211_1578240792188782
ariana	1008279892518211_1578846848794843
tunis	1008279892518211_1578625842150277
sidiBouzid	1008279892518211_1577625745583620
tunis	1008279892518211_1577894042223457
tunis	1008279892518211_1575711042441757
tunis	1008279892518211_1577329168946611
sousse	1008279892518211_1576554339024094
sousse	1008279892518211_1576635365682658
monastir	1008279892518211_1575957219083806
tunis	1008279892518211_1575618499117678
tunis	1008279892518211_1575692409110287
tunis	1008279892518211_1575600535786141
tunis	1008279892518211_1572893286056866
tunis	1008279892518211_1573100756036119
tunis	1008279892518211_1570897172923144
ariana	1008279892518211_1572052146140980
tunis	1008279892518211_1571631972849664
tunis	1008279892518211_1571725612840300
tunis	1008279892518211_1569459009733627
tunis	1008279892518211_1570955196250675
tunis	1008279892518211_1567077756638419
tunis	1008279892518211_1566694060010122
tunis	1008279892518211_1566001546746040
tataouine	1008279892518211_1566121580067370
tunis	1008279892518211_1564061063606755
tunis	1008279892518211_1565681576778037
monastir	1008279892518211_1564197430259785
tunis	1008279892518211_1561165960562932
tunis	1008279892518211_1561495537196641
tunis	1008279892518211_1561453757200819
tunis	1008279892518211_1561271407219054
tunis	1008279892518211_1560875370591991
tunis	1008279892518211_1560897103923151
sousse	1008279892518211_1559969544015907
tunis	1008279892518211_1560274687318726
tunis	1008279892518211_1559271134085748
sfax	1008279892518211_1559418374071024
tunis	1008279892518211_1559975167348678
tunis	1008279892518211_1559971594015702
tunis	1008279892518211_1559032804109581
tunis	1008279892518211_1556058961073632
tunis	1008279892518211_1557256774287184
tunis	1008279892518211_1557159634296898
tunis	1008279892518211_1556716747674520
bizert	1008279892518211_1556242861055242
sousse	1008279892518211_1554069474605914
tunis	1008279892518211_1551719191507609
sousse	1008279892518211_1555240334488828
tunis	1008279892518211_1553783287967866
tunis	1008279892518211_1553546607991534
sousse	1008279892518211_1553030371376491
tunis	1008279892518211_1551357598210435
bizert	1008279892518211_1553719861307542
tunis	1008279892518211_1553701397976055
sousse	1008279892518211_1551196688226526
bizert	1008279892518211_1551533894859472
bizert	1008279892518211_1551530401526488
bizert	1008279892518211_1551526684860193
mahdia	1008279892518211_1551200661559462
tunis	1008279892518211_1550444068301788
sousse	1008279892518211_1550795581599970
bizert	1008279892518211_1550797044933157
tunis	1008279892518211_1548694038476791
ariana	1008279892518211_1550498091629719
tunis	1008279892518211_1549543948391800
ariana	1008279892518211_1549629641716564
sousse	1008279892518211_1547523331927195
ariana	1008279892518211_1548507738495421
tunis	1008279892518211_1547531765259685
place	post_id
tunis	1008279892518211_1546089798737215
sousse	1008279892518211_1543265859019609
tunis	1008279892518211_1546165342062994
tunis	1008279892518211_1547022485310613
sousse	1008279892518211_1546560202023508
bizert	1008279892518211_1546201652059363
sousse	1008279892518211_1544336605579201
ariana	1008279892518211_1545675342111994
tunis	1008279892518211_1545658662113662
beja	1008279892518211_1544240295588832
sfax	1008279892518211_1545465615466300
kef	1008279892518211_1543750705637791
tunis	1008279892518211_1544926455520216
tunis	1008279892518211_1542503009095894
sousse	1008279892518211_1544247755588086
tunis	1008279892518211_1542681982411330
tunis	1008279892518211_1544577755555086
ariana	1008279892518211_1544562512223277
tunis	1008279892518211_1544240282255500
manouba	1008279892518211_1544195295593332
tunis	1008279892518211_1543482242331304
tunis	1008279892518211_1542326095780252
tunis	1008279892518211_1543242905688571
tunis	1008279892518211_1539648732714655
tunis	1008279892518211_1543333349012860
tunis	1008279892518211_1542010169145178
tunis	1008279892518211_1542597372419791
tataouine	1008279892518211_1540465965966265
tunis	1008279892518211_1541572745855587
tunis	1008279892518211_1540469999299195
sousse	1008279892518211_1540912789254916
kef	1008279892518211_1540168192662709
ariana	1008279892518211_1540037182675810
tunis	1008279892518211_1538422976170564
sfax	1008279892518211_1537120662967462
sfax	1008279892518211_1536426276370234
tunis	1008279892518211_1537965389549656
tunis	1008279892518211_1536874969658698
tunis	1008279892518211_1537501516262710
zaghouan	1008279892518211_1536689903010538
sousse	1008279892518211_1536220563057472
sousse	1008279892518211_1537038249642370
tunis	1008279892518211_1536136549732540
tunis	1008279892518211_1534104339935761
tunis	1008279892518211_1534393323240196
tunis	1008279892518211_1534441806568681
tunis	1008279892518211_1535689796443882
tunis	1008279892518211_1531919843487544
ariana	1008279892518211_1534228533256675
tunis	1008279892518211_1534268389919356
tunis	1008279892518211_1534511673228361
tunis	1008279892518211_1531100666902795
bizert	1008279892518211_1533710476641814
benArous	1008279892518211_1533630833316445
tunis	1008279892518211_1532715063408022
kef	1008279892518211_1532792293400299
tunis	1008279892518211_1531116053567923
tunis	1008279892518211_1532143460131849
bizert	1008279892518211_1531478180198377
tunis	1008279892518211_1531470660199129
tunis	1008279892518211_1531335290212666
tunis	1008279892518211_1524660547546807
tunis	1008279892518211_1527970067215855
sousse	1008279892518211_1527217400624455
tunis	1008279892518211_1526102180735977
tunis	1008279892518211_1527489787263883
tunis	1008279892518211_1526556050690590
tunis	1008279892518211_1527364700609725
tunis	1008279892518211_1525385114141017
tunis	1008279892518211_1524693944210134
tunis	1008279892518211_1523457837667078
tunis	1008279892518211_1524668220879373
ariana	1008279892518211_1524593644220164
tunis	1008279892518211_1524473744232154
manouba	1008279892518211_1523140514365477
tunis	1008279892518211_1522257431120452
manouba	1008279892518211_1522105441135651
tunis	1008279892518211_1522990274380501
tunis	1008279892518211_1522882311057964
tunis	1008279892518211_1520754807937381
kairouan	1008279892518211_1509444665735062
sousse	1008279892518211_1522334217779440
bizert	1008279892518211_1522203327792529
tozeur	1008279892518211_1520930811253114
tunis	1008279892518211_1522171447795717
tunis	1008279892518211_1520769807935881
tunis	1008279892518211_1521882524491276
tunis	1008279892518211_1518675721478623
bizert	1008279892518211_1521424541203741
bizert	1008279892518211_1521419834537545
tunis	1008279892518211_1521408204538708
tunis	1008279892518211_1521405914538937
zaghouan	1008279892518211_1519487391397456
benArous	1008279892518211_1519633251382870
tunis	1008279892518211_1513969305282598
tunis	1008279892518211_1518644134815115
tunis	1008279892518211_1516008648411997
tunis	1008279892518211_1515024418510420
tunis	1008279892518211_1514697971876398
tunis	1008279892518211_1514420078570854
tunis	1008279892518211_1513158048697057
tunis	1008279892518211_1511423535537175
bizert	1008279892518211_1511038685575660
tunis	1008279892518211_1510932025586326
tunis	1008279892518211_1510918532254342
tunis	1008279892518211_1510692628943599
ariana	1008279892518211_1510427175636811
tunis	1008279892518211_1510411252305070
tunis	1008279892518211_1507566165922912
sousse	1008279892518211_1508735199139342
sousse	1008279892518211_1508763415803187
sousse	1008279892518211_1508897809123081
sousse	1008279892518211_1508522115827317
tunis	1008279892518211_1509391455740383
tunis	1008279892518211_1508421265837402
sousse	1008279892518211_1506622619350600
tunis	1008279892518211_1507892075890321
bizert	1008279892518211_1507976529215209
tunis	1008279892518211_1507715789241283
bizert	1008279892518211_1507954515884077
sousse	1008279892518211_1506482942697901
tunis	1008279892518211_1507870732559122
sousse	1008279892518211_1507836505895878
tunis	1008279892518211_1506634682682727
tunis	1008279892518211_1506159639396898
sousse	1008279892518211_1506065689406293
manouba	1008279892518211_1496245500388312
tunis	1008279892518211_1505394072806788
tunis	1008279892518211_1505022302843965
tunis	1008279892518211_1505431152803080
benArous	1008279892518211_1503881236291405
tunis	1008279892518211_1501709829841879
tunis	1008279892518211_1501626676516861
bizert	1008279892518211_1503253719687490
bizert	1008279892518211_1503246529688209
tunis	1008279892518211_1502455189767343
tunis	1008279892518211_1495658787113650
sousse	1008279892518211_1497324410280421
tunis	1008279892518211_1497245593621636
tunis	1008279892518211_1496930783653117
zaghouan	1008279892518211_1496819906997538
kef	1008279892518211_1496633617016167
sousse	1008279892518211_1496350330377829
tunis	1008279892518211_1494469283899267
tunis	1008279892518211_1496130237066505
tunis	1008279892518211_1493597427319786
tunis	1008279892518211_1491954650817397
tunis	1008279892518211_1493454397334089
sousse	1008279892518211_1492915410721321
tunis	1008279892518211_1492579630754899
bizert	1008279892518211_1492563584089837
tunis	1008279892518211_1492279840784878
tunis	1008279892518211_1491722827507246
tunis	1008279892518211_1492017727477756
tunis	1008279892518211_1491363680876494
tunis	1008279892518211_1491056104240585
sousse	1008279892518211_1490196884326507
tunis	1008279892518211_1489772301035632
tunis	1008279892518211_1488640347815494
tunis	1008279892518211_1488668041146058
tunis	1008279892518211_1488575434488652
bizert	1008279892518211_1489174391095423
tunis	1008279892518211_1488042887875240
tunis	1008279892518211_1484383064907889
tunis	1008279892518211_1488806424465553
gafsa	1008279892518211_1487672444578951
tunis	1008279892518211_1488707024475493
tunis	1008279892518211_1487120204634175
manouba	1008279892518211_1487473137932215
tunis	1008279892518211_1480660298613499
tunis	1008279892518211_1480781111934751
tunis	1008279892518211_1479108288768700
sousse	1008279892518211_1480230651989797
tunis	1008279892518211_1479608385385357
ariana	1008279892518211_1479778615368334
tunis	1008279892518211_1479706008708928
tunis	1008279892518211_1477610532251809
gafsa	1008279892518211_1477397322273130
benArous	1008279892518211_1477407982272064
tunis	1008279892518211_1478513518828177
tunis	1008279892518211_1477737088905820
tunis	1008279892518211_1478391618840367
tunis	1008279892518211_1477843435561852
tunis	1008279892518211_1477891382223724
tunis	1008279892518211_1477840842228778
tunis	1008279892518211_1477567565589439
place	post_id
tunis	1008279892518211_1477891382223724
tunis	1008279892518211_1477840842228778
gafsa	1008279892518211_1476569255689270
tunis	1008279892518211_1476408965705299
tunis	1008279892518211_1474520605894135
tunis	1008279892518211_1474983625847833
tunis	1008279892518211_1473978182615044
tunis	1008279892518211_1473970089282520
tunis	1008279892518211_1472060366140159
tunis	1008279892518211_1474240035922192
beja	1008279892518211_1472111706135025
tunis	1008279892518211_1472893762723486
ariana	1008279892518211_1471679586178237
tunis	1008279892518211_1471578949521634
tunis	1008279892518211_1471149436231252
bizert	1008279892518211_1471172396228956
tunis	1008279892518211_1470040043008858
tunis	1008279892518211_1470713049608224
tunis	1008279892518211_1470046639674865
kairouan	1008279892518211_1466619146684281
beja	1008279892518211_1469337846412411
zaghouan	1008279892518211_1468201519859377
tunis	1008279892518211_1468388596507336
gabes	1008279892518211_1467182846627911
gafsa	1008279892518211_1467852259894303
tunis	1008279892518211_1467560049923524
bizert	1008279892518211_1466627190016810
kairouan	1008279892518211_1464821276864068
tunis	1008279892518211_1467257546620441
benArous	1008279892518211_1466257466720449
sfax	1008279892518211_1466020336744162
kef	1008279892518211_1466475893365273
tunis	1008279892518211_1465223573490505
ariana	1008279892518211_1457581947588001
sfax	1008279892518211_1463778563635006
tunis	1008279892518211_1464627080216821
sfax	1008279892518211_1462454060434123
nabeul	1008279892518211_1460880980591431
tunis	1008279892518211_1462046960474833
tunis	1008279892518211_1461986100480919
tunis	1008279892518211_1460894843923378
mahdia	1008279892518211_1460780227268173
tunis	1008279892518211_1460625280617001
tunis	1008279892518211_1461038347242361
kef	1008279892518211_1458679230811606
tunis	1008279892518211_1459669920712537
tunis	1008279892518211_1459570984055764
tunis	1008279892518211_1459548494058013
tunis	1008279892518211_1458727610806768
nabeul	1008279892518211_1459419377404258
tunis	1008279892518211_1459391397407056
tataouine	1008279892518211_1457772450902284
tunis	1008279892518211_1458140460865483
mahdia	1008279892518211_1455126177833578
tunis	1008279892518211_1453088611370668
tunis	1008279892518211_1454948584518004
nabeul	1008279892518211_1452365114776351
tozeur	1008279892518211_1449829941696535
tunis	1008279892518211_1450196174993245
tunis	1008279892518211_1448032701876259
sousse	1008279892518211_1448489025163960
tunis	1008279892518211_1448626775150185
tunis	1008279892518211_1448033031876226
tunis	1008279892518211_1446974411982088
tunis	1008279892518211_1445168288829367
tunis	1008279892518211_1441799552499574
tunis	1008279892518211_1443516158994580
sousse	1008279892518211_1443939782285551
ariana	1008279892518211_1444987588847437
zaghouan	1008279892518211_1438432922836237
tunis	1008279892518211_1437974286215434
kef	1008279892518211_1437939649552231
sousse	1008279892518211_1437373706275492
tunis	1008279892518211_1436195489726647
tunis	1008279892518211_1435729873106542
tunis	1008279892518211_1436637239682472
tunis	1008279892518211_1435805463098983
tunis	1008279892518211_1435259723153557
tunis	1008279892518211_1425905714088958
kef	1008279892518211_1433388783340651
jendouba	1008279892518211_1429417707071092
tunis	1008279892518211_1430852606927602
tunis	1008279892518211_1430243933655136
kef	1008279892518211_1430616360284560
kef	1008279892518211_1429407780405418
gafsa	1008279892518211_1429695627043300
tunis	1008279892518211_1429616977051165
tunis	1008279892518211_1427829283896601
tunis	1008279892518211_1427475063932023
tunis	1008279892518211_1427898980556298
tunis	1008279892518211_1426523730693823
kef	1008279892518211_1425437044135825
tunis	1008279892518211_1424947774184752
tunis	1008279892518211_1424744354205094
kef	1008279892518211_1424743694205160
tunis	1008279892518211_1420671041279092
sousse	1008279892518211_1423068931039303
sfax	1008279892518211_1423969410949255
sousse	1008279892518211_1423531400993056
sfax	1008279892518211_1423821957630667
monastir	1008279892518211_1422470027765860
nabeul	1008279892518211_1421062424573287
tunis	1008279892518211_1422157201130476
tunis	1008279892518211_1422377591108437
tunis	1008279892518211_1421140931232103
tunis	1008279892518211_1421736717839191
tunis	1008279892518211_1420632037949659
tunis	1008279892518211_1419805644698965
monastir	1008279892518211_1419025521443644
sousse	1008279892518211_1419003044779225
sousse	1008279892518211_1419482118064651
tunis	1008279892518211_1419067818106081
monastir	1008279892518211_1419541428058720
zaghouan	1008279892518211_1419477581398438
sousse	1008279892518211_1417455238267339
tunis	1008279892518211_1417432691602927
tunis	1008279892518211_1417316898281173
tunis	1008279892518211_1416567961689400
tunis	1008279892518211_1417364518276411
tunis	1008279892518211_1417365191609677
tunis	1008279892518211_1416120665067463
beja	1008279892518211_1415513781794818
tunis	1008279892518211_1415130581833138
kef	1008279892518211_1416138401732356
tunis	1008279892518211_1414232871922909
nabeul	1008279892518211_1414092171936979
beja	1008279892518211_1414115685267961
place	post_id
tunis	1008279892518211_1411159945563535
sfax	1008279892518211_1413077332038463
sousse	1008279892518211_1413450358667827
zaghouan	1008279892518211_1413410322005164
tunis	1008279892518211_1412670762079120
beja	1008279892518211_1410383208974542
tunis	1008279892518211_1413030235376506
sousse	1008279892518211_1411054822240714
beja	1008279892518211_1411175725561957
sousse	1008279892518211_1409096892436507
sousse	1008279892518211_1408329535846576
benArous	1008279892518211_1408045052541691
tunis	1008279892518211_1401231293223067
kasserine	1008279892518211_1401942309818632
manouba	1008279892518211_1401937766485753
tunis	1008279892518211_1401413429871520
gafsa	1008279892518211_1401040499908813
tunis	1008279892518211_1401079156571614
tunis	1008279892518211_1399896353356561
tunis	1008279892518211_1399254703420726
beja	1008279892518211_1399687326710797
tunis	1008279892518211_1390123397667190
tunis	1008279892518211_1399395726739957
ariana	1008279892518211_1398187516860778
tunis	1008279892518211_1396151887064341
tunis	1008279892518211_1396257640387099
ariana	1008279892518211_1396120290400834
tunis	1008279892518211_1393818617297668
tunis	1008279892518211_1388151761197687
bizert	1008279892518211_1389730081039855
tunis	1008279892518211_1389680171044846
tunis	1008279892518211_1387643407915189
tunis	1008279892518211_1387850047894525
ariana	1008279892518211_1385284738151056
tunis	1008279892518211_1387167654629431
tunis	1008279892518211_1384666211546242
tunis	1008279892518211_1385671491445714
tunis	1008279892518211_1382683081744555
tunis	1008279892518211_1382772418402288
tunis	1008279892518211_1380724345273762
tunis	1008279892518211_1380100402002823
tunis	1008279892518211_1380263525319844
kairouan	1008279892518211_1380642565281940
tunis	1008279892518211_1380381028641427
tunis	1008279892518211_1380445255301671
tunis	1008279892518211_1379111875435009
kairouan	1008279892518211_1378656262147237
ariana	1008279892518211_1378293352183528
tunis	1008279892518211_1368134816532715
ariana	1008279892518211_1366461423366721
tunis	1008279892518211_1367964876549709
tunis	1008279892518211_1367974639882066
tunis	1008279892518211_1367626829916847
tunis	1008279892518211_1367962699883260
tunis	1008279892518211_1367890933223770
tunis	1008279892518211_1366180460061484
tunis	1008279892518211_1367760736570123
tunis	1008279892518211_1338632736149590
tunis	1008279892518211_1339240662755464
tunis	1008279892518211_1339189956093868
tunis	1008279892518211_1339117946101069
tunis	1008279892518211_1338531606159703
tunis	1008279892518211_1338240569522140
gabes	1008279892518211_1337931886219675
bizert	1008279892518211_1338164882863042
tunis	1008279892518211_1337605966252267
tunis	1008279892518211_1338248082854722
ariana	1008279892518211_1337299836282880
ariana	1008279892518211_1330129480333249
tunis	1008279892518211_1330319643647566
bizert	1008279892518211_1330157326997131
tunis	1008279892518211_1330307703648760
sfax	1008279892518211_1330298760316321
tunis	1008279892518211_1330296366983227
tunis	1008279892518211_1327131603966370
ariana	1008279892518211_1328480400498157
tunis	1008279892518211_1329176380428559
tunis	1008279892518211_1329046663774864
gabes	1008279892518211_1329111013768429
tunis	1008279892518211_1329077367105127
tunis	1008279892518211_1328991200447077
bizert	1008279892518211_1328062050539992
tunis	1008279892518211_1328040277208836
gafsa	1008279892518211_1326535584025972
tunis	1008279892518211_1327343773945153
tunis	1008279892518211_1327347053944825
mahdia	1008279892518211_1327086620637535
tunis	1008279892518211_1326181194061411
tunis	1008279892518211_1322132591132938
tunis	1008279892518211_1324476234231907
tunis	1008279892518211_1324357374243793
tunis	1008279892518211_1323001497712714
tunis	1008279892518211_1320749007937963
manouba	1008279892518211_1323645467648317
tunis	1008279892518211_1323458497667014
gafsa	1008279892518211_1322074704472060
tunis	1008279892518211_1320886244590906
bizert	1008279892518211_1320794971266700
tunis	1008279892518211_1318494974830033
tunis	1008279892518211_1318011038211760
ariana	1008279892518211_1315571675122363
tunis	1008279892518211_1314199031926294
ariana	1008279892518211_1313934731952724
tunis	1008279892518211_1313540155325515
tunis	1008279892518211_1314452008567663
tunis	1008279892518211_1314073868605477
tunis	1008279892518211_1313011178711746
ariana	1008279892518211_1311896118823252
ariana	1008279892518211_1311895862156611
tunis	1008279892518211_1311582218854642
tunis	1008279892518211_1311616578851206
tunis	1008279892518211_1311598238853040
tunis	1008279892518211_1311628318850032
tunis	1008279892518211_1310503248962539
tunis	1008279892518211_1309736272372570
tunis	1008279892518211_1309410709071793
tunis	1008279892518211_1308826635796867
tunis	1008279892518211_1308716175807913
sfax	1008279892518211_1308831752463022
tunis	1008279892518211_1308099249202939
tunis	1008279892518211_1308636695815861
tunis	1008279892518211_1306795166000014
tunis	1008279892518211_1305807169432147
tunis	1008279892518211_1307760452570152
sfax	1008279892518211_1307126845966846
tunis	1008279892518211_1307448939267970
tunis	1008279892518211_1305963922749805
tunis	1008279892518211_1305564716123059
tunis	1008279892518211_1305573746122156
sfax	1008279892518211_1305234659489398
manouba	1008279892518211_1305887309424133
tunis	1008279892518211_1304749169537947
tunis	1008279892518211_1305451462801051
tunis	1008279892518211_1303833282962869
tunis	1008279892518211_1304571279555736
tunis	1008279892518211_1304421382904059
tunis	1008279892518211_1301846406494890
sfax	1008279892518211_1301758489837015
tunis	1008279892518211_1301624906517040
tunis	1008279892518211_1301636866515844
tunis	1008279892518211_1300229623323235
tunis	1008279892518211_1301210056558525
tunis	1008279892518211_1300468356632695
tunis	1008279892518211_1298973636782167
tunis	1008279892518211_1300266906652840
sousse	1008279892518211_1298898880122976
tunis	1008279892518211_1300139976665533
sfax	1008279892518211_1298960753450122
tunis	1008279892518211_1299028576776673
tataouine	1008279892518211_1299481226731408
sousse	1008279892518211_1299468126732718
tunis	1008279892518211_1299457526733778
kairouan	1008279892518211_1299401010072763
sousse	1008279892518211_1299071993438998
tunis	1008279892518211_1299201236759407
tunis	1008279892518211_1298993750113489
tunis	1008279892518211_1298782126801318
tunis	1008279892518211_1298715630141301
tunis	1008279892518211_1297833603562837
sousse	1008279892518211_1295190773827120
tunis	1008279892518211_1297318523614345
tunis	1008279892518211_1296765603669637
tunis	1008279892518211_1293793267300204
kairouan	1008279892518211_1295917417087789
tunis	1008279892518211_1294499260562938
tunis	1008279892518211_1295553917124139
kef	1008279892518211_1295178797161651
tunis	1008279892518211_1293902763955921
tunis	1008279892518211_1293405420672322
tunis	1008279892518211_1294549307224600
tunis	1008279892518211_1294006867278844
tunis	1008279892518211_1293778223968375
tunis	1008279892518211_1293883980624466
sfax	1008279892518211_1293788123967385
tunis	1008279892518211_1293128977366633
kef	1008279892518211_1291917140821150
tunis	1008279892518211_1291268350886029
tunis	1008279892518211_1292153944130803
tunis	1008279892518211_1292170257462505
tunis	1008279892518211_1290670267612504
tunis	1008279892518211_1291073667572164
gafsa	1008279892518211_1291009084245289
tunis	1008279892518211_1290883707591160
tunis	1008279892518211_1290618047617726
tunis	1008279892518211_1290682870944577
tunis	1008279892518211_1290646307614900
tunis	1008279892518211_1290135227666008
kef	1008279892518211_1290295710983293
sfax	1008279892518211_1289383911074473
tunis	1008279892518211_1288642057815325
tunis	1008279892518211_1287139087965622
tunis	1008279892518211_1287658234580374
tunis	1008279892518211_1277974115548786
ariana	1008279892518211_1278851725461025
tunis	1008279892518211_1278743538805177
tunis	1008279892518211_1278824275463770
tunis	1008279892518211_1278685862144278
tunis	1008279892518211_1278685985477599
tunis	1008279892518211_1277997172213147
tunis	1008279892518211_1277904372222427
tunis	1008279892518211_1277886752224189
tunis	1008279892518211_1277835638895967
sousse	1008279892518211_1277350175611180
bizert	1008279892518211_1276137295732468
sfax	1008279892518211_1277058462307018
sfax	1008279892518211_1277065135639684
tunis	1008279892518211_1277117468967784
sfax	1008279892518211_1276883258991205
tunis	1008279892518211_1275948062418058
tunis	1008279892518211_1275923159087215
tataouine	1008279892518211_1276886405657557
tunis	1008279892518211_1276373355708862
tunis	1008279892518211_1276338765712321
tunis	1008279892518211_1275920382420826
place	post_id
tunis	1008279892518211_1276373355708862
tunis	1008279892518211_1276338765712321
tunis	1008279892518211_1273316959347835
tunis	1008279892518211_1272525809426950
zaghouan	1008279892518211_1272033272809537
tunis	1008279892518211_1267257279953803
tunis	1008279892518211_1270541186292079
zaghouan	1008279892518211_1271678486178349
tunis	1008279892518211_1270996279579903
tunis	1008279892518211_1271561496190048
tunis	1008279892518211_1271380369541494
kef	1008279892518211_1271377976208400
ariana	1008279892518211_1270234272989437
tunis	1008279892518211_1271315286214669
monastir	1008279892518211_1266319713380893
tunis	1008279892518211_1264218950257636
tunis	1008279892518211_1264159716930226
bizert	1008279892518211_1263423380337193
tunis	1008279892518211_1262519303760934
ariana	1008279892518211_1260410027305195
tunis	1008279892518211_1260302180649313
tunis	1008279892518211_1259498324063032
ariana	1008279892518211_1259119350767596
tunis	1008279892518211_1258490157497182
manouba	1008279892518211_1256999160979615
ariana	1008279892518211_1257551200924411
tunis	1008279892518211_1257400034272861
tunis	1008279892518211_1256502547695943
tunis	1008279892518211_1256347527711445
tunis	1008279892518211_1256297881049743
tunis	1008279892518211_1255615944451270
sfax	1008279892518211_1255481864464678
tunis	1008279892518211_1255884007757797
tunis	1008279892518211_1255774574435407
tunis	1008279892518211_1248025355210329
tunis	1008279892518211_1247150068631191
tunis	1008279892518211_1248318045181060
tunis	1008279892518211_1237766216236243
tunis	1008279892518211_1237702402909291
tunis	1008279892518211_1237654049580793
tunis	1008279892518211_1234319666580898
ariana	1008279892518211_1235855236427341
tunis	1008279892518211_1236213583058173
tunis	1008279892518211_1234234729922725
tunis	1008279892518211_1234666799879518
tunis	1008279892518211_1235632313116300
tunis	1008279892518211_1235560199790178
tunis	1008279892518211_1235099233169608
tunis	1008279892518211_1233285726684292
tunis	1008279892518211_1234204323259099
tunis	1008279892518211_1233234573356074
bizert	1008279892518211_1233586936654171
tunis	1008279892518211_1233576213321910
monastir	1008279892518211_1232009893478542
tunis	1008279892518211_1229774950368703
tunis	1008279892518211_1233048606708004
tunis	1008279892518211_1232412813438250
tunis	1008279892518211_1232611673418364
tunis	1008279892518211_1231334880212710
tunis	1008279892518211_1229796107033254
tunis	1008279892518211_1228772490468949
tunis	1008279892518211_1226894223990109
tunis	1008279892518211_1226224644057067
tunis	1008279892518211_1226487250697473
sfax	1008279892518211_1226333547379510
tunis	1008279892518211_1223764674303064
tunis	1008279892518211_1224792974200234
tunis	1008279892518211_1223738040972394
tunis	1008279892518211_1225205837492281
tunis	1008279892518211_1223951970951001
tunis	1008279892518211_1223542077658657
tunis	1008279892518211_1224143614265170
tunis	1008279892518211_1223912610954937
tunis	1008279892518211_1224030927609772
tunis	1008279892518211_1223670427645822
tunis	1008279892518211_1222653794414152
nabeul	1008279892518211_1222276494451882
sfax	1008279892518211_1222590691087129
tunis	1008279892518211_1222472071098991
sousse	1008279892518211_1222501721096026
tunis	1008279892518211_1222468477766017
sousse	1008279892518211_1222430561103142
sousse	1008279892518211_1219963691349829
nabeul	1008279892518211_1221125311233667
sidiBouzid	1008279892518211_1220988201247378
tunis	1008279892518211_1220024874677044
tunis	1008279892518211_1220248374654694
tunis	1008279892518211_1220362764643255
sousse	1008279892518211_1219941294685402
tunis	1008279892518211_1220586841287514
tunis	1008279892518211_1220092301336968
tunis	1008279892518211_1220008201345378
tunis	1008279892518211_1219171011429097
tunis	1008279892518211_1219008811445317
tunis	1008279892518211_1219243961421802
sidiBouzid	1008279892518211_1219154941430704
tunis	1008279892518211_1217862421559956
tunis	1008279892518211_1217595164920015
tunis	1008279892518211_1217701131576085
tunis	1008279892518211_1216397755039756
tunis	1008279892518211_1216260658386799
ariana	1008279892518211_1215192165160315
kef	1008279892518211_1216821734997358
tunis	1008279892518211_1216363198376545
tunis	1008279892518211_1215493181796880
bizert	1008279892518211_1215448971801301
tunis	1008279892518211_1213088368704028
zaghouan	1008279892518211_1211073182238880
tunis	1008279892518211_1209715375707994
tunis	1008279892518211_1209699615709570
tunis	1008279892518211_1208619852484213
ariana	1008279892518211_1207354909277374
tunis	1008279892518211_1207141502632048
tunis	1008279892518211_1207121469300718
tunis	1008279892518211_1206948289318036
tunis	1008279892518211_1207007789312086
tunis	1008279892518211_1205393302806868
tunis	1008279892518211_1206683176011214
place	post_id
sfax	1008279892518211_1205081712838027
tunis	1008279892518211_1203695279643337
tunis	1008279892518211_1204068596272672
tunis	1008279892518211_1204055856273946
tunis	1008279892518211_1203367416342790
zaghouan	1008279892518211_1203137276365804
bizert	1008279892518211_1202350699777795
kef	1008279892518211_1201616749851190
tunis	1008279892518211_1200805636598968
tunis	1008279892518211_1199856776693854
ariana	1008279892518211_1199891060023759
tunis	1008279892518211_1199909346688597
tunis	1008279892518211_1198681266811405
tunis	1008279892518211_1198849620127903
tunis	1008279892518211_1198300496849482
tunis	1008279892518211_1194543580558507
tunis	1008279892518211_1193765000636365
ariana	1008279892518211_1195235607155971
tunis	1008279892518211_1191886277490904
tunis	1008279892518211_1192722794073919
tunis	1008279892518211_1190243950988470
tunis	1008279892518211_1191865980826267
sfax	1008279892518211_1191639120848953
tunis	1008279892518211_1190797427599789
tunis	1008279892518211_1190457420967123
tunis	1008279892518211_1191331360879729
tunis	1008279892518211_1190194057660126
tunis	1008279892518211_1190469197632612
tunis	1008279892518211_1190335377645994
tunis	1008279892518211_1189638104382388
tunis	1008279892518211_1190501607629371
tunis	1008279892518211_1190289640983901
tunis	1008279892518211_1189456497733882
tunis	1008279892518211_1188397837839748
nabeul	1008279892518211_1188663141146551
tunis	1008279892518211_1188423134503885
gafsa	1008279892518211_1188512481161617
tunis	1008279892518211_1188108164535382
tunis	1008279892518211_1187847937894738
tunis	1008279892518211_1187420861270779
tunis	1008279892518211_1187120227967509
tunis	1008279892518211_1187277004618498
ariana	1008279892518211_1187135854632613
ariana	1008279892518211_1186636168015915
tunis	1008279892518211_1186634368016095
sousse	1008279892518211_1185533804792818
benArous	1008279892518211_1185920718087460
tunis	1008279892518211_1185374074808791
tunis	1008279892518211_1185638288115703
tunis	1008279892518211_1185621678117364
ariana	1008279892518211_1185452421467623
tunis	1008279892518211_1183934331619432
tunis	1008279892518211_1182043368475195
tunis	1008279892518211_1182627415083457
ariana	1008279892518211_1181957551817110
tunis	1008279892518211_1182466595099539
tunis	1008279892518211_1181911258488406
tunis	1008279892518211_1181739298505602
ariana	1008279892518211_1180798425266356
tunis	1008279892518211_1179360035410195
tunis	1008279892518211_1179970228682509
bizert	1008279892518211_1179706928708839
tunis	1008279892518211_1179129245433274
sousse	1008279892518211_1177288935617305
sousse	1008279892518211_1178466938832838
sousse	1008279892518211_1177335128946019
sfax	1008279892518211_1177888098890722
tunis	1008279892518211_1176929005653298
tunis	1008279892518211_1176976715648527
ariana	1008279892518211_1176644942348371
bizert	1008279892518211_1176867828992749
tunis	1008279892518211_1176932955652903
kef	1008279892518211_1175368879142644
jendouba	1008279892518211_1175911485755050
gabes	1008279892518211_1175667615779437
gabes	1008279892518211_1175678349111697
ariana	1008279892518211_1174336285912570
tunis	1008279892518211_1174155202597345
sousse	1008279892518211_1173546312658234
zaghouan	1008279892518211_1173847432628122
tunis	1008279892518211_1173627815983417
sousse	1008279892518211_1173052412707624
tunis	1008279892518211_1171480849531447
ariana	1008279892518211_1173079579371574
tunis	1008279892518211_1173156179363914
tunis	1008279892518211_1172287899450742
tunis	1008279892518211_1171644952848370
tunis	1008279892518211_1171728122840053
tunis	1008279892518211_1171188222894043
manouba	1008279892518211_1170998506246348
manouba	1008279892518211_1170997526246446
tunis	1008279892518211_1169750653037800
bizert	1008279892518211_1170795602933305
gafsa	1008279892518211_1170776472935218
sfax	1008279892518211_1169544793058386
kairouan	1008279892518211_1170388599640672
tunis	1008279892518211_1169138503099015
tunis	1008279892518211_1169509776395221
nabeul	1008279892518211_1169397826406416
manouba	1008279892518211_1168794699800062
kebeli	1008279892518211_1167723219907210
tunis	1008279892518211_1168288299850702
kef	1008279892518211_1168151156531083
tunis	1008279892518211_1167105063302359
tunis	1008279892518211_1167205713292294
tunis	1008279892518211_1166463953366470
bizert	1008279892518211_1166667530012779
tunis	1008279892518211_1164940666852132
kairouan	1008279892518211_1166009956745203
kairouan	1008279892518211_1166007416745457
gabes	1008279892518211_1165556713457194
gafsa	1008279892518211_1165084460171086
tunis	1008279892518211_1164834096862789
tunis	1008279892518211_1161855113827354
tunis	1008279892518211_1161852200494312
tunis	1008279892518211_1159505460728986
tunis	1008279892518211_1159387550740777
tunis	1008279892518211_1158662930813239
tunis	1008279892518211_1158572310822301
tunis	1008279892518211_1157724720907060
tunis	1008279892518211_1155238494489016
tunis	1008279892518211_1155963861083146
sousse	1008279892518211_1155885574424308
tunis	1008279892518211_1154403857905813
tunis	1008279892518211_1154775137868685
tunis	1008279892518211_1154891734523692
tunis	1008279892518211_1155490244463841
tunis	1008279892518211_1154879367858262
tunis	1008279892518211_1153662554646610
tunis	1008279892518211_1154526304560235
tunis	1008279892518211_1153620047984194
tunis	1008279892518211_1149658311713701
tunis	1008279892518211_1151353711544161
tunis	1008279892518211_1150528381626694
tunis	1008279892518211_1150403081639224
benArous	1008279892518211_1149943565018509
tunis	1008279892518211_1149609915051874
tunis	1008279892518211_1144019638944235
sousse	1008279892518211_1148863561793176
tunis	1008279892518211_1147600555252810
sousse	1008279892518211_1147520495260816
tunis	1008279892518211_1146350752044457
tunis	1008279892518211_1147470468599152
kef	1008279892518211_1146202525392613
tunis	1008279892518211_1145016782177854
tunis	1008279892518211_1145182612161271
tunis	1008279892518211_1145168465496019
tunis	1008279892518211_1144409152238617
tunis	1008279892518211_1145039475508918
kairouan	1008279892518211_1144950988851100
tunis	1008279892518211_1144119445600921
tunis	1008279892518211_1144442138901985
tunis	1008279892518211_1144399368906262
kairouan	1008279892518211_1142654759080723
place	post_id
ariana	1008279892518211_1141272002552332
kairouan	1008279892518211_1140965339249665
tunis	1008279892518211_1140936849252514
kef	1008279892518211_1141251465887719
tunis	1008279892518211_1141032915909574
ariana	1008279892518211_1139961506016715
monastir	1008279892518211_1140679905944875
sfax	1008279892518211_1140604012619131
tunis	1008279892518211_1140404142639118
tunis	1008279892518211_1139546522724880
tunis	1008279892518211_1128562743823258
tunis	1008279892518211_1139774756035390
kef	1008279892518211_1139145462764986
tunis	1008279892518211_1137221399624059
tunis	1008279892518211_1137191426293723
tunis	1008279892518211_1137095996303266
tunis	1008279892518211_1136737176339148
ariana	1008279892518211_1136032073076325
tunis	1008279892518211_1136277716385094
tunis	1008279892518211_1136346279711571
gabes	1008279892518211_1133840309962168
tunis	1008279892518211_1135727113106821
beja	1008279892518211_1134532069892992
tunis	1008279892518211_1135185656494300
ariana	1008279892518211_1134416139904585
tunis	1008279892518211_1133795413299991
tunis	1008279892518211_1134004133279119
kef	1008279892518211_1132803666732499
tunis	1008279892518211_1131902316822634
tunis	1008279892518211_1129419520404247
tunis	1008279892518211_1129976533681879
tunis	1008279892518211_1131599610186238
tunis	1008279892518211_1130677183611814
tunis	1008279892518211_1129474880398711
tunis	1008279892518211_1129444633735069
tunis	1008279892518211_1129396317073234
sfax	1008279892518211_1129556100390589
tunis	1008279892518211_1129379387074927
sfax	1008279892518211_1129429860403213
tunis	1008279892518211_1126114190734780
tunis	1008279892518211_1126068917405974
tunis	1008279892518211_1126068510739348
beja	1008279892518211_1124637634215769
bizert	1008279892518211_1124636800882519
tunis	1008279892518211_1124419464237586
beja	1008279892518211_1123792954300237
ariana	1008279892518211_1122875844391948
sidiBouzid	1008279892518211_1123453374334195
tunis	1008279892518211_1123140771032122
tunis	1008279892518211_1122818471064352
tunis	1008279892518211_1123119624367570
tunis	1008279892518211_1122674471078752
tunis	1008279892518211_1122882237724642
tunis	1008279892518211_1122835124396020
tunis	1008279892518211_1122031527809713
tunis	1008279892518211_1121173981228801
tunis	1008279892518211_1119888738023992
tunis	1008279892518211_1120885814590951
sousse	1008279892518211_1120691511277048
tunis	1008279892518211_1119916744687858
tunis	1008279892518211_1119831554696377
tunis	1008279892518211_1119662511379948
tunis	1008279892518211_1119122861433913
tunis	1008279892518211_1118427594836773
tunis	1008279892518211_1118619971484202
tunis	1008279892518211_1118620098150856
tunis	1008279892518211_1118003808212485
tunis	1008279892518211_1118056308207235
sousse	1008279892518211_1117438138269052
tunis	1008279892518211_1117618538251012
kef	1008279892518211_1116059985073534
tunis	1008279892518211_1116024038410462
tunis	1008279892518211_1116388885040644
kairouan	1008279892518211_1115305938482272
tunis	1008279892518211_1116089675070565
tunis	1008279892518211_1115525651793634
tunis	1008279892518211_1115905431755656
tunis	1008279892518211_1115279351818264
kef	1008279892518211_1114410668571799
tunis	1008279892518211_1114622161883983
ariana	1008279892518211_1114458458567020
tunis	1008279892518211_1113996428613223
tunis	1008279892518211_1113588431987356
tunis	1008279892518211_1113262622019937
monastir	1008279892518211_1112448165434716
ariana	1008279892518211_1112432148769651
ariana	1008279892518211_1111539422192257
sfax	1008279892518211_1111830272163172
bizert	1008279892518211_1111801495499383
ariana	1008279892518211_1111231528889713
sousse	1008279892518211_1110966148916251
tunis	1008279892518211_1110845585594974
tunis	1008279892518211_1110696595609873
tunis	1008279892518211_1110683332277866
tunis	1008279892518211_1110254742320725
tunis	1008279892518211_1110509748961891
tunis	1008279892518211_1110539198958946
ariana	1008279892518211_1110033442342855
bizert	1008279892518211_1110320485647484
tunis	1008279892518211_1110299042316295
tunis	1008279892518211_1109582129054653
place	post_id
tunis	1008279892518211_1091976380815228
sidiBouzid	1008279892518211_1090870557592477
tunis	1008279892518211_1092082797471253
tunis	1008279892518211_1090597717619761
tunis	1008279892518211_1091079690904897
ariana	1008279892518211_1089553757724157
tunis	1008279892518211_1087880251224841
tunis	1008279892518211_1087877364558463
tunis	1008279892518211_1087574047922128
sousse	1008279892518211_1087426767936856
tunis	1008279892518211_1087409714605228
ariana	1008279892518211_1087376291275237
tunis	1008279892518211_1086635824682617
tunis	1008279892518211_1086935834652616
ariana	1008279892518211_1086666138012919
tunis	1008279892518211_1084945518184981
sfax	1008279892518211_1085298804816319
sousse	1008279892518211_1085455964800603
zaghouan	1008279892518211_1084973271515539
sousse	1008279892518211_1084261604920039
tunis	1008279892518211_1085014771511389
tunis	1008279892518211_1084690681543798
tunis	1008279892518211_1084622384883961
tunis	1008279892518211_1084485584897641
tunis	1008279892518211_1083889374957262
sfax	1008279892518211_1083236978355835
sfax	1008279892518211_1082713548408178
sfax	1008279892518211_1082274928452040
kef	1008279892518211_1082255185120681
tunis	1008279892518211_1081445048535028
tunis	1008279892518211_1080870731925793
tunis	1008279892518211_1081338975212302
tunis	1008279892518211_1080948751917991
tunis	1008279892518211_1081028355243364
tunis	1008279892518211_1080386941974172
ariana	1008279892518211_1080791651933701
tunis	1008279892518211_1079878095358390
ariana	1008279892518211_1080042372008629
manouba	1008279892518211_1080365688642964
gafsa	1008279892518211_1080008762011990
sousse	1008279892518211_1079835572029309
tunis	1008279892518211_1078448668834666
tunis	1008279892518211_1078955955450604
tunis	1008279892518211_1078608072152059
ariana	1008279892518211_1073778062635060
tunis	1008279892518211_1070814319598101
tunis	1008279892518211_1070658616280338
siliana	1008279892518211_1070403559639177
tunis	1008279892518211_1070072423005624
tunis	1008279892518211_1069470683065798
kef	1008279892518211_1070045549674978
tunis	1008279892518211_1069838726362327
kairouan	1008279892518211_1069845399694993
sousse	1008279892518211_1068777246468475
monastir	1008279892518211_1069007693112097
monastir	1008279892518211_1069007629778770
tunis	1008279892518211_1068836536462546
bizert	1008279892518211_1068254223187444
tunis	1008279892518211_1068334046512795
tunis	1008279892518211_1067726696573530
tunis	1008279892518211_1067255426620657
tunis	1008279892518211_1067336369945896
ariana	1008279892518211_1066813193331547
tunis	1008279892518211_1067120813300785
tunis	1008279892518211_1066898039989729
tunis	1008279892518211_1065951966751003
tunis	1008279892518211_1066292133383653
sfax	1008279892518211_1063652123647654
tunis	1008279892518211_1063709186975281
tunis	1008279892518211_1063679603644906
ariana	1008279892518211_1063317610347772
ariana	1008279892518211_1063190063693860
tunis	1008279892518211_1063632636982936
ariana	1008279892518211_1063174097028790
ariana	1008279892518211_1063611713651695
ariana	1008279892518211_1062776123735254
tunis	1008279892518211_1062380223774844
kairouan	1008279892518211_1062710580408475
ariana	1008279892518211_1062473170432216
tunis	1008279892518211_1062313587114841
ariana	1008279892518211_1062177453795121
ariana	1008279892518211_1062367090442824
ariana	1008279892518211_1062494277096772
tunis	1008279892518211_1062392347106965
tunis	1008279892518211_1062288970450636
sfax	1008279892518211_1062361700443363
tunis	1008279892518211_1062337940445739
tunis	1008279892518211_1061593927186807
tunis	1008279892518211_1061489970530536
tunis	1008279892518211_1061818487164351
ariana	1008279892518211_1061279097218290
ariana	1008279892518211_1061552610524272
tunis	1008279892518211_1061158967230303
tunis	1008279892518211_1061065047239695
tunis	1008279892518211_1061056703907196
sfax	1008279892518211_1061051590574374
sfax	1008279892518211_1061051517241048
tunis	1008279892518211_1061028817243318
ariana	1008279892518211_1060403097305890
manouba	1008279892518211_1060311437315056
tunis	1008279892518211_1060270287319171
tunis	1008279892518211_1060317260647807
kairouan	1008279892518211_1058481017498098
tunis	1008279892518211_1060189950660538
ariana	1008279892518211_1059529160726617
tunis	1008279892518211_1059823247363875
tunis	1008279892518211_1059032584109608
tunis	1008279892518211_1058842314128635
tunis	1008279892518211_1050877891591744
tunis	1008279892518211_1057753010904232
tunis	1008279892518211_1057307097615490
tunis	1008279892518211_1057987334214133
tunis	1008279892518211_1057249464287920
tunis	1008279892518211_1057948080884725
gafsa	1008279892518211_1057073774305489
benArous	1008279892518211_1056956907650509
tunis	1008279892518211_1056589871020546
tunis	1008279892518211_1056644994348367
zaghouan	1008279892518211_1056601601019373
ariana	1008279892518211_1056835324329334
gafsa	1008279892518211_1056851677661032
tunis	1008279892518211_1056183817727818
tunis	1008279892518211_1056260634386803
tunis	1008279892518211_1055670711112462
tunis	1008279892518211_1055832261096307
tunis	1008279892518211_1055412091138324
tunis	1008279892518211_1055781041101429
tunis	1008279892518211_1054840277862172
tunis	1008279892518211_1055277761151757
tunis	1008279892518211_1055213244491542
tunis	1008279892518211_1054838847862315
tunis	1008279892518211_1055056881173845
tunis	1008279892518211_1054605017885698
tunis	1008279892518211_1054604374552429
tunis	1008279892518211_1054603801219153
tunis	1008279892518211_1054247034588163
tunis	1008279892518211_1054850761194457
bizert	1008279892518211_1054809231198610
tunis	1008279892518211_1054566401222893
tunis	1008279892518211_1054344707911729
tunis	1008279892518211_1054641274548739
sfax	1008279892518211_1054611557885044
tunis	1008279892518211_1054478151231718
tunis	1008279892518211_1052708501408683
ariana	1008279892518211_1053829197963280
tunis	1008279892518211_1053354034677463
tunis	1008279892518211_1053847827961417
tunis	1008279892518211_1052863484726518
ariana	1008279892518211_1053659521313581
tunis	1008279892518211_1052227011456832
ariana	1008279892518211_1053541794658687
tunis	1008279892518211_1052975564715310
tunis	1008279892518211_1053437608002439
tunis	1008279892518211_1053428381336695
tunis	1008279892518211_1053395414673325
tunis	1008279892518211_1052237094789157
tunis	1008279892518211_1051072121572321
nabeul	1008279892518211_1052163858129814
benArous	1008279892518211_1051554234857443
tunis	1008279892518211_1051808211498712
tunis	1008279892518211_1051788621500671
ariana	1008279892518211_1051744224838444
tunis	1008279892518211_1049546041724929
ariana	1008279892518211_1049497635063103
kef	1008279892518211_1048579185154948
ariana	1008279892518211_1048567185156148
tunis	1008279892518211_1048815425131324
sousse	1008279892518211_1048430525169814
tunis	1008279892518211_1048420598504140
monastir	1008279892518211_1048392951840238
zaghouan	1008279892518211_1047917845221082
tunis	1008279892518211_1048369371842596
tunis	1008279892518211_1047342221945311
sousse	1008279892518211_1047297878616412
tunis	1008279892518211_1046579382021595
ariana	1008279892518211_1046694695343397
tunis	1008279892518211_1046732588672941
bizert	1008279892518211_1045004178845782
tunis	1008279892518211_1044992565513610
tunis	1008279892518211_1045624902117043
tunis	1008279892518211_1045483265464540
ariana	1008279892518211_1045548402124693
tunis	1008279892518211_1045477375465129
tunis	1008279892518211_1045275358818664
nabeul	1008279892518211_1045214795491387
nabeul	1008279892518211_1044953268850873
monastir	1008279892518211_1044400018906198
tunis	1008279892518211_1044745772204956
tunis	1008279892518211_1045177998828400
tunis	1008279892518211_1045089562170577
tunis	1008279892518211_1044951532184380
gafsa	1008279892518211_1045045238841676
tunis	1008279892518211_1045089188837281
tunis	1008279892518211_1045041925508674
tunis	1008279892518211_1045041015508765
tunis	1008279892518211_1044408415572025
tunis	1008279892518211_1045025435510323
tunis	1008279892518211_1044652815547585
tunis	1008279892518211_1044968882182645
tunis	1008279892518211_1044880682191465
tunis	1008279892518211_1044658838880316
sfax	1008279892518211_1044622438883956
sousse	1008279892518211_1044435822235951
tunis	1008279892518211_1043634338982766
tunis	1008279892518211_1042971065715760
tunis	1008279892518211_1042930452386488
tunis	1008279892518211_1042375245775342
tunis	1008279892518211_1041451185867748
tunis	1008279892518211_1041332022546331
tunis	1008279892518211_1041326129213587
tunis	1008279892518211_1041197189226481
tunis	1008279892518211_1041117219234478
ariana	1008279892518211_1040094902670043
ariana	1008279892518211_1040231065989760
tunis	1008279892518211_1040237052655828
tunis	1008279892518211_1040209695991897
tunis	1008279892518211_1040127772666756
tunis	1008279892518211_1040130089333191
nabeul	1008279892518211_1040129829333217
tunis	1008279892518211_1040092279336972
sousse	1008279892518211_1040082722671261
ariana	1008279892518211_1040018782677655
siliana	1008279892518211_1039944016018465
tunis	1008279892518211_1039156719430528
tunis	1008279892518211_1039919706020896
benArous	1008279892518211_1039644926048374
nabeul	1008279892518211_1039704352709098
tunis	1008279892518211_1039873442692189
tunis	1008279892518211_1039660089380191
benArous	1008279892518211_1039655216047345
manouba	1008279892518211_1039589132720620
sfax	1008279892518211_1039553346057532
ariana	1008279892518211_1039153826097484
tunis	1008279892518211_1039498169396383
kasserine	1008279892518211_1039331089413091
sfax	1008279892518211_1039245156088351
tunis	1008279892518211_1039223869423813
bizert	1008279892518211_1039043342775199
tunis	1008279892518211_1038970492782484
tunis	1008279892518211_1038036559542544
tunis	1008279892518211_1037005879645612
tunis	1008279892518211_1036953059650894
tunis	1008279892518211_1036729879673212
ariana	1008279892518211_1036475366365330
tunis	1008279892518211_1036187173060816
tunis	1008279892518211_1036484103031123
ariana	1008279892518211_1036475326365334
ariana	1008279892518211_1036474489698751
tunis	1008279892518211_1036408409705359
tunis	1008279892518211_1036267403052793
tunis	1008279892518211_1036265549719645
tunis	1008279892518211_1035583996454467
tunis	1008279892518211_1035254989820701
ariana	1008279892518211_1033529183326615
tunis	1008279892518211_1034742959871904
sfax	1008279892518211_1034299813249552
tunis	1008279892518211_1034561496556717
tunis	1008279892518211_1034529356559931
tunis	1008279892518211_1033400283339505
tunis	1008279892518211_1033445806668286
manouba	1008279892518211_1033149530031247
bizert	1008279892518211_1033143683365165
sousse	1008279892518211_1033105936702273
tunis	1008279892518211_1031558143523719
tunis	1008279892518211_1031174456895421
kairouan	1008279892518211_1031041546908712
tunis	1008279892518211_1029794937033373
tunis	1008279892518211_1029964853683048
mahdia	1008279892518211_1029619883717545
tunis	1008279892518211_1028777390468461
tunis	1008279892518211_1028757187137148
tunis	1008279892518211_1028410717171795
tunis	1008279892518211_1028222797190587
nabeul	1008279892518211_1028073250538875
tunis	1008279892518211_1027398483939685
ariana	1008279892518211_1025664940779706
tunis	1008279892518211_1025764117436455
tunis	1008279892518211_1025333117479555
tunis	1008279892518211_1021638707848996
tunis	1008279892518211_1024286120917588
tunis	1008279892518211_1020597907953076
sfax	1008279892518211_1018018591544341
tunis	1008279892518211_1012386985440835
ariana	1008279892518211_1008524509160416
