place	hour	score
ariana	2015-06-21 23	0.105962127969
ariana	2015-07-24 10	0.0990351427072
ariana	2015-08-08 20	0.101268082132
ariana	2015-08-13 12	0.100339248054
ariana	2015-08-13 12	0.0974361434089
ariana	2015-08-13 12	0.104782510848
ariana	2015-08-18 22	0.0987014542939
ariana	2015-08-20 15	0.11190877016
ariana	2015-08-20 18	0.0929799669097
ariana	2015-08-20 23	0.0932816240969
ariana	2015-08-30 13	0.0937667829717
ariana	2015-09-01 18	0.101425379983
ariana	2015-09-05 00	0.0905768553633
ariana	2015-09-06 15	0.103995888057
ariana	2015-09-10 18	0.0916801078217
ariana	2015-09-13 15	0.105283470302
ariana	2015-09-13 16	0.0988273410128
ariana	2015-09-13 22	0.0887778965627
ariana	2015-09-19 19	0.0903189387425
ariana	2015-09-24 22	0.0889173900258
ariana	2015-09-26 23	0.0864196644087
ariana	2015-09-29 00	0.0909803268143
ariana	2015-09-29 17	0.0911205959939
ariana	2015-10-01 03	0.0895722760857
ariana	2015-10-01 15	0.0861750340872
ariana	2015-10-01 20	0.0845399594403
ariana	2015-10-01 21	0.0850430779453
ariana	2015-10-02 14	0.0834589333429
ariana	2015-10-03 13	0.0844107019805
ariana	2015-10-03 14	0.0799163707532
ariana	2015-10-03 19	0.0970074426793
ariana	2015-10-04 13	0.0879503892818
ariana	2015-10-11 17	0.0796007009941
ariana	2015-10-27 11	0.0742537122825
ariana	2015-11-10 19	0.0682660700552
ariana	2015-11-12 08	0.0719808499866
ariana	2015-11-25 16	0.0975395413668
ariana	2015-11-27 08	0.0802684521445
ariana	2015-11-29 12	0.0630169305176
ariana	2016-01-05 13	0.0646849729835
ariana	2016-01-07 20	0.0717236180447
ariana	2016-01-08 10	0.0639000635605
ariana	2016-01-09 23	0.0714014222091
ariana	2016-01-13 18	0.0593495647211
ariana	2016-01-29 22	0.0593495176806
ariana	2016-02-20 14	0.0553933553914
ariana	2016-02-23 08	0.057005379478
ariana	2016-03-01 12	0.0917762422786
ariana	2016-03-03 20	0.0530212215973
ariana	2016-04-13 15	0.05190303866
ariana	2016-04-15 17	0.0564123678265
ariana	2016-04-19 08	0.0460015132835
ariana	2016-04-26 01	0.0438487524924
ariana	2016-04-27 20	0.0444804268111
ariana	2016-05-03 12	0.0412425001386
ariana	2016-05-05 14	0.0426652105921
ariana	2016-05-06 10	0.0399082260722
ariana	2016-05-20 00	0.0396089673701
ariana	2016-05-27 16	0.0455226839471
ariana	2016-06-08 01	0.0394679580241
ariana	2016-06-20 02	0.0419782035247
ariana	2016-07-16 23	0.0471962306422
ariana	2016-08-16 00	0.0409476229488
ariana	2016-08-17 22	0.041448111676
ariana	2016-08-19 11	0.0472761505658
ariana	2016-08-29 15	0.0418377175713
ariana	2016-09-07 17	0.0359006541571
ariana	2016-10-14 18	0.0294880804823
ariana	2016-10-14 18	0.027086379882
ariana	2016-10-16 19	0.0257404962057
ariana	2016-10-18 13	0.0329067392282
ariana	2016-11-01 22	0.0254000990693
ariana	2016-11-03 17	0.0247252669912
ariana	2016-11-11 15	0.0213245706669
ariana	2016-12-08 14	0.0196905685245
ariana	2016-12-17 08	0.0245451684437
ariana	2016-12-20 19	0.0202977620486
ariana	2016-12-26 20	0.0187724166085
ariana	2016-12-27 18	0.0197828631534
ariana	2017-02-03 14	0.0243730972434
ariana	2017-02-15 20	0.0169447997579
ariana	2017-02-27 11	0.0487437386441
ariana	2017-03-06 14	0.0351854253161
ariana	2017-03-31 12	0.0133306162582
ariana	2017-04-12 22	0.014522713281
ariana	2017-04-21 12	0.0131595184396
ariana	2017-04-27 11	0.0191497780849
ariana	2017-05-01 16	0.0287772312741
ariana	2017-05-02 13	0.0134304657694
ariana	2017-05-05 11	0.0133208107413
ariana	2017-05-06 15	0.0125218585456
ariana	2017-05-07 14	0.0200903141901
ariana	2017-05-27 21	0.0421121741547
ariana	2017-06-03 15	0.0115382919115
ariana	2017-06-05 11	0.0114755425372
ariana	2017-06-05 19	0.011747551251
ariana	2017-06-09 23	0.0107220488974
ariana	2017-06-19 16	0.0114170391198
ariana	2017-06-20 11	0.00957726676353
ariana	2017-06-25 00	0.0154296949152
ariana	2017-07-05 23	0.012846876818
ariana	2017-07-09 17	0.00861643828125
ariana	2017-07-09 18	0.00985178383735
ariana	2017-07-14 19	0.00898162511206
ariana	2017-08-02 12	0.00783605135425
ariana	2017-08-12 18	0.0125392611185
ariana	2017-08-13 10	0.0068721288628
ariana	2017-08-16 19	0.00647447487309
ariana	2017-08-16 20	0.00651936317381
ariana	2017-08-28 15	0.00672414460013
ariana	2017-09-02 17	0.00504448871059
ariana	2017-09-03 00	0.00186193768399
beja	2016-01-31 19	0.107430540674
beja	2016-02-02 10	0.0809724090227
beja	2016-02-20 18	0.0825932639395
beja	2016-12-28 20	0.0714824963298
beja	2017-01-03 09	0.0751723473522
beja	2017-01-03 17	0.0841720272052
beja	2017-01-05 10	0.0755391127221
beja	2017-01-06 18	0.0797245875426
beja	2017-02-25 08	0.0331460860581
beja	2017-02-27 20	0.029029196106
beja	2017-05-01 08	0.0369976407308
benArous	2015-08-19 21	0.132315730598
benArous	2015-08-19 21	0.109624815829
benArous	2015-09-10 12	0.116584304803
benArous	2015-09-20 01	0.116501822648
benArous	2016-03-16 20	0.0991765863217
benArous	2016-05-04 08	0.105043518895
benArous	2017-01-02 10	0.102941958967
benArous	2017-02-22 16	0.152681051853
benArous	2017-03-04 13	0.094228154393
benArous	2017-03-25 10	0.0938499482479
benArous	2017-04-08 11	0.0824788781154
benArous	2017-04-20 22	0.0968791489133
benArous	2017-07-14 20	0.213682269988
benArous	2017-07-17 08	0.103534486624
benArous	2017-07-23 18	0.0880339207936
benArous	2017-07-30 16	0.0712633771301
benArous	2017-08-13 11	0.0390887510756
benArous	2017-08-27 10	0.0364765204086
benArous	2017-08-30 00	0.0111867575282
benArous	2017-09-06 12	0.0303915621582
benArous	2017-09-06 22	0.00890352626899
benArous	2017-09-10 17	0.00791481467592
bizert	2015-08-08 00	0.102095011362
bizert	2015-08-18 17	0.0976717924625
bizert	2015-08-29 12	0.0979992291878
bizert	2015-09-15 20	0.0967774512152
bizert	2015-10-14 17	0.0997733710209
bizert	2016-01-05 23	0.10945086867
bizert	2016-01-08 20	0.0967616029942
bizert	2016-02-02 10	0.0928359552171
bizert	2016-04-03 23	0.278853494929
bizert	2016-04-10 13	0.188673369558
bizert	2016-04-19 17	0.0933693343821
bizert	2016-04-24 09	0.0940711978761
bizert	2016-05-31 10	0.100406139484
bizert	2016-06-20 13	0.0914655737916
bizert	2016-07-13 22	0.0904607588972
bizert	2016-08-22 17	0.0904150067632
bizert	2016-09-04 17	0.0907178564685
bizert	2016-10-24 11	0.0903843717509
bizert	2016-11-01 12	0.091936441219
bizert	2016-11-03 18	0.097160297079
bizert	2016-11-12 12	0.0895452160348
bizert	2016-12-23 17	0.0851562094022
bizert	2017-02-22 23	0.0848578302135
bizert	2017-02-26 22	0.0854655410969
bizert	2017-03-12 21	0.0871823398965
bizert	2017-03-15 22	0.0847950867572
bizert	2017-03-24 22	0.084826805821
bizert	2017-03-24 22	0.0843847345591
bizert	2017-03-28 23	0.0825343234286
bizert	2017-03-29 00	0.0834899247267
bizert	2017-04-01 00	0.0838215728256
bizert	2017-04-09 22	0.0843123155672
bizert	2017-04-09 22	0.0835479230765
bizert	2017-04-10 17	0.081055496478
bizert	2017-04-18 23	0.0996966556408
bizert	2017-04-21 00	0.0801844725098
bizert	2017-05-02 23	0.0803118613178
bizert	2017-05-07 21	0.0792831160588
bizert	2017-05-08 17	0.0780970796857
bizert	2017-05-08 17	0.0779697169685
bizert	2017-05-08 17	0.0820881467594
bizert	2017-05-10 23	0.0828744974876
bizert	2017-05-13 00	0.067836162979
bizert	2017-06-09 16	0.0628642826529
bizert	2017-06-17 17	0.0694625445508
bizert	2017-06-19 01	0.146948343344
bizert	2017-06-19 01	0.0648693986848
bizert	2017-06-25 01	0.0643618152605
bizert	2017-06-25 02	0.0562079605119
bizert	2017-06-25 02	0.0504665006385
bizert	2017-06-25 02	0.0505148990648
bizert	2017-07-04 02	0.0533117831588
bizert	2017-07-04 18	0.0486958339212
bizert	2017-07-04 23	0.0377428997475
bizert	2017-07-06 23	0.0363301232155
bizert	2017-07-07 00	0.0354847183137
bizert	2017-07-14 18	0.0279554491259
bizert	2017-07-23 13	0.024789491919
bizert	2017-07-24 13	0.0264889605915
bizert	2017-07-28 00	0.014690021168
bizert	2017-08-14 00	0.0116375397038
bizert	2017-08-19 21	0.00984632334453
bizert	2017-08-23 00	0.00720223514046
bizert	2017-08-31 15	0.00592877981105
gabes	2016-02-19 13	0.0759794599299
gabes	2016-04-02 07	0.0939601929773
gabes	2016-04-17 23	0.0690522370098
gabes	2016-04-17 23	0.0562853580583
gabes	2016-11-02 14	0.0372433589564
gabes	2016-11-12 07	0.0364763040786
gabes	2017-02-23 12	0.187129567205
gafsa	2015-08-29 14	0.0955722048715
gafsa	2015-09-19 19	0.0971653057451
gafsa	2015-09-20 07	0.125785577968
gafsa	2015-11-10 17	0.0893649966462
gafsa	2016-04-01 16	0.0909794496254
gafsa	2016-04-10 13	0.0839035574709
gafsa	2016-05-08 14	0.0994232567411
gafsa	2016-09-21 09	0.1282387941
gafsa	2016-10-25 21	0.0755522403419
gafsa	2016-10-30 20	0.0719309172991
gafsa	2016-12-29 19	0.0696165559216
gafsa	2017-01-21 20	0.063766821456
gafsa	2017-02-24 00	0.067011857602
gafsa	2017-03-03 19	0.0579540087311
gafsa	2017-03-04 12	0.0419196941482
gafsa	2017-03-11 17	0.0370371747689
gafsa	2017-06-13 03	0.035109255215
gafsa	2017-06-15 20	0.018776358869
gafsa	2017-06-21 17	0.0111289085482
gafsa	2017-06-29 21	0.0112464539142
gafsa	2017-07-04 17	0.00935846647704
jendouba	2016-04-18 02	0.140268757694
jendouba	2017-01-21 13	0.037180166195
kairouan	2015-08-04 08	0.0994513795804
kairouan	2015-09-22 18	0.0982487342734
kairouan	2015-10-02 10	0.139425395289
kairouan	2015-10-18 12	0.0952746260394
kairouan	2016-01-15 12	0.117303889032
kairouan	2016-03-03 11	0.0908829308214
kairouan	2016-03-06 08	0.113271825704
kairouan	2016-03-09 10	0.152594650552
kairouan	2016-04-02 22	0.17249507089
kairouan	2016-04-02 22	0.109881989242
kairouan	2016-04-09 21	0.0676049647886
kairouan	2016-09-26 20	0.0716056084349
kairouan	2016-09-30 20	0.0586895844635
kairouan	2016-12-17 14	0.0615225512078
kairouan	2016-12-18 15	0.0365421572177
kairouan	2017-02-21 13	0.0356923682035
kairouan	2017-02-22 22	0.035263734555
kairouan	2017-03-30 14	0.0323423877915
kairouan	2017-06-06 03	0.0348651266328
kairouan	2017-06-23 11	0.0348034779558
kairouan	2017-07-16 16	0.0329568450414
kairouan	2017-07-24 11	0.0151899291848
kairouan	2017-08-15 15	0.0127546965723
kairouan	2017-08-24 14	0.0219457524525
kairouan	2017-09-05 15	0.00556973798749
kasserine	2015-08-19 07	0.10894771392
kasserine	2016-12-30 09	0.0717668296325
kasserine	2017-06-06 14	0.0399986219038
kebeli	2016-04-05 15	0.0543384661746
kef	2015-09-05 00	0.157310815236
kef	2015-10-18 22	0.150974705693
kef	2015-11-15 17	0.371183325037
kef	2016-01-13 16	0.154211750524
kef	2016-01-16 21	0.0919292405831
kef	2016-02-17 16	0.17295192702
kef	2016-02-28 20	0.0907188058299
kef	2016-03-03 20	0.0900269948347
kef	2016-03-11 14	0.0862795371876
kef	2016-04-06 09	0.0832147123414
kef	2016-04-17 11	0.0834578587631
kef	2016-05-30 08	0.0848930618278
kef	2016-06-22 11	0.0782676352263
kef	2016-08-30 19	0.0971194134376
kef	2016-09-20 14	0.072523652367
kef	2016-09-22 09	0.0719397913234
kef	2016-09-26 00	0.0720021233206
kef	2017-01-07 10	0.0810669665027
kef	2017-01-16 15	0.0788900864379
kef	2017-01-17 09	0.0718994252789
kef	2017-01-21 13	0.0754291982661
kef	2017-01-22 16	0.0701394308553
kef	2017-01-24 16	0.122595295644
kef	2017-01-28 14	0.0604041484988
kef	2017-02-16 20	0.0538459187853
kef	2017-02-22 20	0.045499905035
kef	2017-03-19 16	0.0564571017718
kef	2017-04-20 02	0.0547955420394
kef	2017-04-27 15	0.0356439520271
kef	2017-04-30 19	0.032900241935
kef	2017-06-21 13	0.0315175129446
kef	2017-06-25 02	0.0394317192111
kef	2017-07-03 19	0.0297856849389
kef	2017-07-06 00	0.0268456193338
kef	2017-08-19 12	0.0318685523734
kef	2017-08-21 21	0.0183075873986
kef	2017-08-29 16	0.0148771912739
kef	2017-08-30 21	0.0194909004622
mahdia	2015-08-01 14	0.0973727068568
mahdia	2016-10-31 11	0.0940760477728
mahdia	2017-02-13 14	0.105429694068
mahdia	2017-02-18 11	0.118261584431
mahdia	2017-05-08 08	0.0866684938164
mahdia	2017-06-30 00	0.165848194573
mahdia	2017-07-03 07	0.0819997225879
mahdia	2017-07-07 04	0.0612790195429
mahdia	2017-08-17 17	0.00598478567509
manouba	2015-08-08 00	0.0987836314649
manouba	2015-08-19 18	0.107067931342
manouba	2015-09-26 18	0.109092155335
manouba	2015-11-11 14	0.101641553563
manouba	2016-04-07 12	0.0812430427385
manouba	2016-04-10 20	0.100708274675
manouba	2016-04-10 20	0.125122655107
manouba	2016-08-15 08	0.0935554399284
manouba	2016-10-08 09	0.0711385501882
manouba	2016-10-27 15	0.061117635848
manouba	2016-12-30 09	0.0589076598034
manouba	2017-03-11 14	0.0581983850809
manouba	2017-03-19 08	0.0373812879273
manouba	2017-04-10 15	0.0374594505036
manouba	2017-04-11 14	0.0404867739499
manouba	2017-05-01 07	0.0177958630923
manouba	2017-08-08 20	0.0130897662743
manouba	2017-08-17 20	0.00870605806103
manouba	2017-09-01 01	0.00665524946827
monastir	2015-08-28 07	0.0953696676406
monastir	2015-09-04 17	0.105357869532
monastir	2015-10-16 11	0.0932118413509
monastir	2015-10-16 11	0.116871269908
monastir	2016-01-10 00	0.135912446435
monastir	2016-03-02 19	0.100738862333
monastir	2016-07-11 15	0.0892900182472
monastir	2016-08-25 17	0.0788441213734
monastir	2017-01-10 19	0.0795519636601
monastir	2017-01-11 11	0.0703132331075
monastir	2017-01-14 11	0.0591669036813
monastir	2017-05-20 14	0.054728144277
monastir	2017-05-31 19	0.0340366973475
monastir	2017-06-02 02	0.0272067756308
monastir	2017-06-09 20	0.0145766642344
monastir	2017-07-17 10	0.0146668912835
monastir	2017-07-27 21	0.00934236112099
monastir	2017-08-01 13	0.0102426613945
nabeul	2015-07-29 02	0.103133847169
nabeul	2015-08-20 00	0.102431427087
nabeul	2015-08-20 19	0.0990123201567
nabeul	2015-08-29 09	0.0983235268455
nabeul	2015-08-29 20	0.103759113314
nabeul	2015-09-11 13	0.0953764745595
nabeul	2016-04-08 09	0.0950658238114
nabeul	2016-05-08 19	0.0917944739526
nabeul	2016-06-28 19	0.119777224476
nabeul	2016-06-30 13	0.0801716435903
nabeul	2017-01-05 09	0.074335515312
nabeul	2017-01-12 21	0.182990378344
nabeul	2017-02-10 17	0.0784047727308
nabeul	2017-02-17 09	0.048642538179
nabeul	2017-02-18 14	0.0566740201342
nabeul	2017-06-08 14	0.0800901722792
nabeul	2017-07-03 20	0.0360397412263
nabeul	2017-07-09 15	0.0113562019062
nabeul	2017-08-05 16	0.0117878892272
nabeul	2017-08-26 21	0.00966447365386
nabeul	2017-08-27 12	0.00782176733362
nabeul	2017-08-27 13	0.012941704088
nabeul	2017-08-31 17	0.00562073822944
sfax	2015-07-08 19	0.117180788722
sfax	2015-08-10 02	0.141316444837
sfax	2015-08-19 02	0.235216030731
sfax	2015-08-19 17	0.0996149434355
sfax	2015-08-28 18	0.0943185475046
sfax	2015-09-15 13	0.0963164159442
sfax	2015-09-28 12	0.0971455883768
sfax	2015-09-28 12	0.246894953978
sfax	2015-10-01 15	0.0926160903365
sfax	2015-10-04 15	0.116089643606
sfax	2015-11-15 18	0.0882974804733
sfax	2015-11-16 19	0.127624035016
sfax	2015-11-18 00	0.0838425470074
sfax	2015-11-22 16	0.0876909118945
sfax	2016-01-08 21	0.124327043956
sfax	2016-02-11 13	0.0828720408394
sfax	2016-02-11 17	0.0954523483645
sfax	2016-03-02 16	0.157776054447
sfax	2016-04-08 15	0.0720831723044
sfax	2016-04-21 10	0.0744365778808
sfax	2016-05-13 21	0.0750246768737
sfax	2016-06-04 13	0.0635061461139
sfax	2016-07-01 01	0.0648507069634
sfax	2016-07-06 20	0.0623285626691
sfax	2016-08-13 12	0.063554607324
sfax	2016-09-05 12	0.0581305943008
sfax	2016-09-05 16	0.0625006073654
sfax	2016-09-05 16	0.0608329255026
sfax	2016-09-19 12	0.0586457119618
sfax	2016-09-24 14	0.0555250651646
sfax	2016-09-30 08	0.0554866715058
sfax	2016-10-03 11	0.057421901549
sfax	2016-10-07 14	0.0573651845534
sfax	2016-10-09 17	0.0471684736758
sfax	2016-10-11 19	0.0461940780007
sfax	2016-11-03 21	0.0429305756125
sfax	2017-01-04 13	0.0661703475975
sfax	2017-01-15 17	0.0576888914293
sfax	2017-01-15 20	0.0609950514321
sfax	2017-02-19 16	0.0349690673895
sfax	2017-02-20 14	0.0309300745573
sfax	2017-02-22 10	0.0303517119933
sfax	2017-04-23 16	0.0248410485568
sfax	2017-04-24 11	0.0213253360015
sfax	2017-05-02 08	0.0183623664716
sfax	2017-05-16 00	0.0183505146954
sfax	2017-06-07 21	0.0181321566478
sfax	2017-06-10 16	0.0131396048797
sfax	2017-06-24 12	0.0129935100329
sfax	2017-06-24 12	0.0121355751319
sfax	2017-06-24 17	0.0121355494735
sfax	2017-06-27 10	0.0106298658582
sfax	2017-07-22 15	0.00834829896039
sfax	2017-08-01 10	0.00870559817295
sfax	2017-08-16 04	0.00716110261794
sfax	2017-08-24 15	0.00632320596697
sfax	2017-09-03 11	0.00282269328361
sidiBouzid	2015-11-30 10	0.149782796775
sidiBouzid	2016-01-31 04	0.0459026197855
sidiBouzid	2016-06-25 18	0.0465292826453
sidiBouzid	2016-06-28 16	0.0288469349101
sidiBouzid	2017-06-02 11	0.0366447276703
siliana	2015-08-20 12	0.0181117161542
siliana	2015-10-19 19	0.0102669760497
sousse	2015-08-07 22	0.10176557743
sousse	2015-08-20 17	0.101341133471
sousse	2015-08-28 10	0.100217493523
sousse	2015-09-02 18	0.112042472711
sousse	2015-09-04 18	0.105232591216
sousse	2015-10-15 20	0.159352153896
sousse	2015-11-10 07	0.100638367003
sousse	2015-11-20 06	0.0983607275999
sousse	2015-11-23 00	0.105595926253
sousse	2015-11-27 11	0.109803499502
sousse	2016-01-07 09	0.099082114765
sousse	2016-01-19 15	0.124011278552
sousse	2016-01-25 23	0.0972136856111
sousse	2016-03-13 13	0.106540031562
sousse	2016-03-15 10	0.105304030263
sousse	2016-03-23 23	0.101348918761
sousse	2016-04-13 15	0.0981598749374
sousse	2016-04-14 08	0.26311987039
sousse	2016-04-20 10	0.105135236682
sousse	2016-04-20 13	0.106408281129
sousse	2016-04-22 09	0.166577659632
sousse	2016-05-03 16	0.0960953202499
sousse	2016-06-26 23	0.0942770643859
sousse	2016-06-27 00	0.0940852107132
sousse	2016-06-30 18	0.0986357727208
sousse	2016-06-30 21	0.0957143954401
sousse	2016-09-05 23	0.109217215025
sousse	2016-09-26 00	0.142042067772
sousse	2016-09-30 06	0.0990916774393
sousse	2016-09-30 12	0.102755086338
sousse	2016-09-30 22	0.0938534860956
sousse	2017-01-02 13	0.100640902888
sousse	2017-01-02 20	0.0999840957416
sousse	2017-01-03 16	0.0976107143864
sousse	2017-01-04 19	0.0925266321967
sousse	2017-01-08 23	0.092333464706
sousse	2017-01-10 19	0.101958088375
sousse	2017-01-11 09	0.174039193086
sousse	2017-01-15 00	0.0925297868227
sousse	2017-01-15 11	0.12409674441
sousse	2017-01-27 23	0.0961663519454
sousse	2017-02-02 19	0.107234314191
sousse	2017-02-06 21	0.0951466403858
sousse	2017-03-06 23	0.110320305132
sousse	2017-03-13 21	0.124019602967
sousse	2017-03-16 07	0.0885986224034
sousse	2017-03-19 10	0.0924099038705
sousse	2017-03-20 08	0.0984696305763
sousse	2017-03-27 08	0.0949787732622
sousse	2017-03-27 18	0.193961239971
sousse	2017-03-27 20	0.144864704333
sousse	2017-03-28 21	0.0929715307876
sousse	2017-03-29 15	0.0965153331051
sousse	2017-03-29 20	0.0864902959083
sousse	2017-03-29 20	0.107913330802
sousse	2017-03-29 23	0.24212955341
sousse	2017-04-10 20	0.0872125565606
sousse	2017-04-15 09	0.0950608982233
sousse	2017-04-23 11	0.0928980739307
sousse	2017-04-24 08	0.0841368761157
sousse	2017-04-28 08	0.117705976722
sousse	2017-04-30 11	0.0908197418646
sousse	2017-05-01 08	0.0837832089113
sousse	2017-05-01 11	0.111450188605
sousse	2017-05-03 08	0.0982745904168
sousse	2017-05-04 08	0.0812923775772
sousse	2017-05-07 21	0.0992007026853
sousse	2017-05-08 08	0.0796868307778
sousse	2017-05-10 08	0.0873871604084
sousse	2017-05-11 08	0.0996431093119
sousse	2017-05-12 05	0.0934866961409
sousse	2017-05-16 14	0.079032181077
sousse	2017-06-01 10	0.0757622369225
sousse	2017-06-01 13	0.0798478002043
sousse	2017-06-05 08	0.0750403134289
sousse	2017-06-08 08	0.122592781318
sousse	2017-06-10 15	0.0779900814836
sousse	2017-07-04 08	0.0927199477708
sousse	2017-07-05 08	0.0740412066496
sousse	2017-07-05 22	0.202092304011
sousse	2017-07-09 18	0.0726183226651
sousse	2017-07-12 12	0.0719879338049
sousse	2017-07-17 10	0.0699737552946
sousse	2017-07-17 11	0.0736602430447
sousse	2017-07-17 14	0.0660777933002
sousse	2017-07-21 08	0.0578932642992
sousse	2017-07-21 19	0.0672119036912
sousse	2017-07-22 11	0.0840712512802
sousse	2017-07-23 18	0.0564659896839
sousse	2017-07-24 12	0.0461761698523
sousse	2017-07-24 13	0.0461626364637
sousse	2017-07-24 21	0.0494822044378
sousse	2017-07-26 08	0.0474327608088
sousse	2017-07-26 10	0.0451440317691
sousse	2017-07-26 11	0.114316543991
sousse	2017-07-28 08	0.0395282887082
sousse	2017-07-29 09	0.0426382452156
sousse	2017-08-03 08	0.0384423250947
sousse	2017-08-08 18	0.0600319341933
sousse	2017-08-11 20	0.03617020851
sousse	2017-08-14 08	0.0425237773132
sousse	2017-08-14 21	0.0345234893658
sousse	2017-08-17 17	0.027461698383
sousse	2017-08-19 08	0.0265735431426
sousse	2017-08-22 14	0.0275084517544
sousse	2017-08-23 08	0.0209724354542
sousse	2017-08-25 00	0.0190225079333
sousse	2017-08-25 08	0.0217714045286
sousse	2017-08-27 12	0.018215632419
sousse	2017-08-27 17	0.0157102359995
sousse	2017-08-28 08	0.0132572320675
sousse	2017-08-28 14	0.00946229973632
sousse	2017-08-31 15	0.00901357302953
sousse	2017-09-01 12	0.00807419160064
sousse	2017-09-06 08	0.00592021987863
tataouine	2016-09-05 12	0.0930753161442
tataouine	2016-09-30 22	0.0872973269632
tataouine	2017-02-16 00	0.0920367711623
tataouine	2017-04-27 21	0.0965574191105
tataouine	2017-05-22 12	0.0597370424083
tataouine	2017-06-07 10	0.0575883579417
tozeur	2017-02-08 00	0.0991035397574
tozeur	2017-04-09 13	0.0985208765382
tozeur	2017-07-24 20	0.103834237924
tozeur	2017-07-26 16	0.107526288725
tozeur	2017-07-30 17	0.084806709983
tozeur	2017-07-30 17	0.115087537338
tunis	2015-06-28 16	0.109574026729
tunis	2015-07-14 08	0.100090252708
tunis	2015-07-16 14	0.198948633735
tunis	2015-07-21 17	0.103168591419
tunis	2015-07-23 17	0.112257337074
tunis	2015-07-24 16	0.134362142939
tunis	2015-07-27 22	0.10004440397
tunis	2015-07-29 13	0.102660944224
tunis	2015-07-29 23	0.106951910453
tunis	2015-07-30 18	0.104327113578
tunis	2015-07-30 19	0.110569794535
tunis	2015-08-01 22	0.106273505124
tunis	2015-08-02 07	0.0998670566233
tunis	2015-08-04 16	0.0998999396366
tunis	2015-08-05 11	0.102602513216
tunis	2015-08-08 14	0.329127309086
tunis	2015-08-08 16	0.103880577026
tunis	2015-08-10 14	0.110989444275
tunis	2015-08-10 16	0.16887856134
tunis	2015-08-10 23	0.144883327283
tunis	2015-08-11 14	0.109763135165
tunis	2015-08-11 23	0.100637309777
tunis	2015-08-12 20	0.112214155655
tunis	2015-08-12 23	0.153665621284
tunis	2015-08-12 23	0.0996755851939
tunis	2015-08-13 08	0.109698748371
tunis	2015-08-13 13	0.0999532508034
tunis	2015-08-14 01	0.10077884722
tunis	2015-08-14 14	0.104907028291
tunis	2015-08-14 16	0.101566002872
tunis	2015-08-16 20	0.099814389826
tunis	2015-08-18 13	0.100921320745
tunis	2015-08-18 22	0.144513620989
tunis	2015-08-19 01	0.105111096229
tunis	2015-08-19 16	0.119119592205
tunis	2015-08-19 21	0.11606702015
tunis	2015-08-20 09	0.127670032041
tunis	2015-08-20 11	0.181081692733
tunis	2015-08-20 18	0.15458669271
tunis	2015-08-20 19	0.111975863422
tunis	2015-08-20 19	0.101096839849
tunis	2015-08-20 22	0.116934322675
tunis	2015-08-20 23	0.0997610591549
tunis	2015-08-22 14	0.0991185661263
tunis	2015-08-22 17	0.118433254447
tunis	2015-08-23 00	0.10587113172
tunis	2015-08-23 00	0.139087436403
tunis	2015-08-23 04	0.107265893527
tunis	2015-08-24 20	0.100024144256
tunis	2015-08-25 19	0.102165983681
tunis	2015-08-25 21	0.0982070233431
tunis	2015-08-27 03	0.100417300065
tunis	2015-08-28 08	0.137275201507
tunis	2015-08-28 19	0.122443255775
tunis	2015-08-28 19	0.320389155083
tunis	2015-08-29 00	0.100830043722
tunis	2015-08-29 05	0.101068859048
tunis	2015-08-29 09	0.106646036332
tunis	2015-08-29 10	0.156936047744
tunis	2015-08-29 12	0.101865573895
tunis	2015-08-29 13	0.110180761166
tunis	2015-08-29 14	0.0995357335692
tunis	2015-08-29 14	0.0971015213544
tunis	2015-08-29 15	0.0977311240782
tunis	2015-08-29 15	0.11366582914
tunis	2015-08-29 18	0.0976039095943
tunis	2015-08-29 23	0.099187744581
tunis	2015-08-30 09	0.0979594682139
tunis	2015-08-30 10	0.0989457463571
tunis	2015-08-30 15	0.104161350429
tunis	2015-09-01 12	0.0978014621564
tunis	2015-09-01 19	0.112188959558
tunis	2015-09-02 20	0.131396685165
tunis	2015-09-04 16	0.158597335755
tunis	2015-09-04 18	0.104908293099
tunis	2015-09-05 14	0.106599438079
tunis	2015-09-06 16	0.109832336497
tunis	2015-09-09 09	0.13282826364
tunis	2015-09-09 15	0.0966108387027
tunis	2015-09-10 19	0.0968229809763
tunis	2015-09-10 19	0.0967752673474
tunis	2015-09-11 16	0.0965777913537
tunis	2015-09-11 16	0.0994720153908
tunis	2015-09-12 12	0.104064346098
tunis	2015-09-12 19	0.117903343513
tunis	2015-09-12 22	0.105273308785
tunis	2015-09-13 09	0.111987462113
tunis	2015-09-13 11	0.0960908566631
tunis	2015-09-13 12	0.105078376641
tunis	2015-09-13 13	0.0982601986618
tunis	2015-09-13 23	0.136579932038
tunis	2015-09-14 19	0.132214674959
tunis	2015-09-14 23	0.0999265619277
tunis	2015-09-15 04	0.0981807241477
tunis	2015-09-15 10	0.0991800506116
tunis	2015-09-15 12	0.0964239753247
tunis	2015-09-15 12	0.0960133514225
tunis	2015-09-15 12	0.16288054825
tunis	2015-09-15 14	0.0963207091727
tunis	2015-09-15 22	0.136457344437
tunis	2015-09-15 22	0.0999846522719
tunis	2015-09-15 22	0.101358785333
tunis	2015-09-16 08	0.101427089599
tunis	2015-09-16 15	0.175291499482
tunis	2015-09-16 17	0.13638705227
tunis	2015-09-16 23	0.0977838788049
tunis	2015-09-17 12	0.10575628731
tunis	2015-09-17 16	0.106018343634
tunis	2015-09-17 19	0.131377390917
tunis	2015-09-18 14	0.120767618648
tunis	2015-09-18 17	0.110454349184
tunis	2015-09-19 09	0.138034759077
tunis	2015-09-19 12	0.113115112296
tunis	2015-09-20 16	0.094809097328
tunis	2015-09-20 18	0.110894293027
tunis	2015-09-21 15	0.11249715976
tunis	2015-09-21 21	0.0952453171716
tunis	2015-09-21 23	0.0959203923213
tunis	2015-09-23 13	0.132343210411
tunis	2015-09-23 22	0.102474914028
tunis	2015-09-25 15	0.111152881459
tunis	2015-09-26 13	0.10196490532
tunis	2015-09-26 16	0.121748431622
tunis	2015-09-26 18	0.108048662707
tunis	2015-09-28 10	0.0941014752976
tunis	2015-09-28 12	0.0962916196124
tunis	2015-09-28 13	0.135136754071
tunis	2015-09-28 17	0.104063892095
tunis	2015-09-29 13	0.094059354158
tunis	2015-09-29 18	0.0997232566337
tunis	2015-09-30 07	0.0940499617526
tunis	2015-10-01 10	0.0967189500797
tunis	2015-10-01 12	0.0959017923601
tunis	2015-10-01 14	0.13657382751
tunis	2015-10-01 15	0.1349504368
tunis	2015-10-01 16	0.127219332777
tunis	2015-10-04 14	0.113942556436
tunis	2015-10-04 16	0.114669743247
tunis	2015-10-04 17	0.096015855808
tunis	2015-10-09 19	0.0950822738578
tunis	2015-10-10 14	0.0937268531141
tunis	2015-10-11 21	0.131115700886
tunis	2015-10-12 10	0.100794914545
tunis	2015-10-12 17	0.0936909180508
tunis	2015-10-12 21	0.0948397778399
tunis	2015-10-13 16	0.0932626852549
tunis	2015-10-14 19	0.127978514465
tunis	2015-10-16 00	0.0931870325143
tunis	2015-10-17 14	0.0938901310803
tunis	2015-10-18 11	0.0958042045279
tunis	2015-10-18 23	0.476627208063
tunis	2015-10-20 11	0.0952220490218
tunis	2015-10-20 19	0.0953610463965
tunis	2015-11-07 10	0.0993219478508
tunis	2015-11-07 18	0.0927677529559
tunis	2015-11-08 13	0.105569738131
tunis	2015-11-10 10	0.104346746889
tunis	2015-11-11 15	0.0948036238311
tunis	2015-11-12 13	0.128665385743
tunis	2015-11-12 17	0.136089283234
tunis	2015-11-12 21	0.0922936915364
tunis	2015-11-13 15	0.0919942729314
tunis	2015-11-13 20	0.0936143882605
tunis	2015-11-19 11	0.0919310146003
tunis	2015-11-20 20	0.0918727753709
tunis	2015-11-21 04	0.0960298540349
tunis	2015-11-21 09	0.125609490271
tunis	2015-11-21 21	0.0989818571801
tunis	2015-11-22 01	0.158789980631
tunis	2015-11-25 15	0.157536921262
tunis	2015-11-26 09	0.0924344821887
tunis	2015-11-27 10	0.0935406796096
tunis	2015-11-27 19	0.21515281248
tunis	2015-11-28 13	0.128226997323
tunis	2015-11-28 14	0.196478433559
tunis	2015-11-29 21	0.11616174646
tunis	2015-11-30 19	0.190536174082
tunis	2015-12-02 15	0.0953486009951
tunis	2015-12-02 20	0.0987810501504
tunis	2016-01-04 15	0.135867493654
tunis	2016-01-05 20	0.0911037095036
tunis	2016-01-05 22	0.0927951135719
tunis	2016-01-06 10	0.0904591010785
tunis	2016-01-06 11	0.0912729864406
tunis	2016-01-06 18	0.108947385098
tunis	2016-01-06 18	0.141185331351
tunis	2016-01-07 01	0.114551886505
tunis	2016-01-11 11	0.092385884052
tunis	2016-01-11 22	0.101091702537
tunis	2016-01-12 17	0.0911707475547
tunis	2016-01-14 00	0.0904813407051
tunis	2016-01-15 10	0.0924165996076
tunis	2016-01-15 22	0.103814710815
tunis	2016-01-16 15	0.115143101268
tunis	2016-01-16 19	0.0948644343975
tunis	2016-01-16 21	0.0899301442954
tunis	2016-01-17 13	0.0900975069325
tunis	2016-01-19 21	0.109150482766
tunis	2016-01-20 15	0.0994903201868
tunis	2016-01-20 17	0.0943380933964
tunis	2016-01-21 12	0.0944510006036
tunis	2016-01-21 19	0.0896863318925
tunis	2016-01-21 19	0.115891363866
tunis	2016-01-22 20	0.180800340892
tunis	2016-01-23 23	0.0891450694876
tunis	2016-01-24 07	0.0892069329129
tunis	2016-01-24 11	0.166095032098
tunis	2016-01-24 12	0.0913543618991
tunis	2016-01-26 09	0.0903900419176
tunis	2016-01-26 21	0.0890477476958
tunis	2016-01-28 09	0.0888402710099
tunis	2016-01-29 14	0.0921292266021
tunis	2016-01-29 19	0.098468635954
tunis	2016-01-29 20	0.115346360659
tunis	2016-01-29 22	0.099400416129
tunis	2016-01-30 12	0.0882988631768
tunis	2016-01-30 13	0.094415421743
tunis	2016-02-01 22	0.10590055976
tunis	2016-02-05 08	0.0898461340379
tunis	2016-02-05 08	0.0881458570022
tunis	2016-02-05 11	0.0959791504036
tunis	2016-02-09 23	0.0913283064707
tunis	2016-02-11 11	0.101878768742
tunis	2016-02-11 12	0.093644950099
tunis	2016-02-11 13	0.151411015402
tunis	2016-02-11 13	0.0878987393604
tunis	2016-02-11 15	0.0880924661743
tunis	2016-02-12 12	0.0876588698522
tunis	2016-02-13 17	0.0876475630439
tunis	2016-02-15 09	0.13779178884
tunis	2016-02-15 22	0.113679794808
tunis	2016-02-19 11	0.100479989545
tunis	2016-02-19 19	0.088986611948
tunis	2016-02-21 22	0.0875987634325
tunis	2016-02-22 21	0.123588108462
tunis	2016-02-23 17	0.0876231848154
tunis	2016-02-23 20	0.0923725929429
tunis	2016-02-24 15	0.0868639917331
tunis	2016-02-25 08	0.0924683303259
tunis	2016-02-25 13	0.281174853096
tunis	2016-02-25 14	0.0878522358681
tunis	2016-02-29 15	0.115638095375
tunis	2016-03-01 01	0.0876875219183
tunis	2016-03-02 07	0.0858613760095
tunis	2016-03-03 09	0.085882883792
tunis	2016-03-03 15	0.0908636089929
tunis	2016-03-08 08	0.104793628783
tunis	2016-03-08 10	0.088336428427
tunis	2016-03-08 19	0.122566496453
tunis	2016-03-08 19	0.102861953854
tunis	2016-03-08 21	0.0855501013842
tunis	2016-03-09 12	0.0867717552083
tunis	2016-03-09 13	0.0950076166902
tunis	2016-03-09 17	0.0856471701885
tunis	2016-03-09 18	0.101682684409
tunis	2016-03-11 19	0.0880780181023
tunis	2016-03-13 11	0.104920050253
tunis	2016-03-13 15	0.11178920174
tunis	2016-03-16 11	0.121283234274
tunis	2016-03-16 13	0.115662177932
tunis	2016-03-17 12	0.0852397609412
tunis	2016-03-17 16	0.109576441583
tunis	2016-03-18 17	0.12742729937
tunis	2016-03-21 17	0.0981436926218
tunis	2016-03-21 19	0.122520673311
tunis	2016-03-22 12	0.305221983302
tunis	2016-03-22 15	0.0994192321112
tunis	2016-03-22 21	0.0840211680651
tunis	2016-03-22 23	0.0839112676995
tunis	2016-03-23 00	0.0837456875866
tunis	2016-03-23 08	0.129712568094
tunis	2016-03-23 14	0.0863621742809
tunis	2016-03-24 01	0.0843370527922
tunis	2016-03-25 20	0.0872823303478
tunis	2016-03-26 16	0.0965100897101
tunis	2016-03-26 18	0.0856662797959
tunis	2016-03-27 10	0.0911070126554
tunis	2016-03-27 13	0.129170736898
tunis	2016-03-29 16	0.0905324259391
tunis	2016-03-29 17	0.121606086144
tunis	2016-04-01 08	0.0871181003499
tunis	2016-04-01 11	0.0834736776821
tunis	2016-04-03 16	0.0967435669336
tunis	2016-04-04 17	0.143782920902
tunis	2016-04-04 21	0.083621090864
tunis	2016-04-06 15	0.094331373601
tunis	2016-04-07 22	0.0860379627951
tunis	2016-04-08 13	0.107285911373
tunis	2016-04-08 20	0.122902299579
tunis	2016-04-11 01	0.10481891315
tunis	2016-04-11 13	0.158715857187
tunis	2016-04-11 18	0.0827223636469
tunis	2016-04-11 21	0.35819913466
tunis	2016-04-12 15	0.0870122883484
tunis	2016-04-13 17	0.0857155244427
tunis	2016-04-14 13	0.120155562095
tunis	2016-04-15 11	0.0856911498211
tunis	2016-04-19 19	0.0905936840068
tunis	2016-04-19 19	0.08526222255
tunis	2016-04-19 21	0.0825119500465
tunis	2016-04-23 11	0.0821785246542
tunis	2016-04-23 19	0.0827674209689
tunis	2016-04-24 19	0.0915387935024
tunis	2016-04-27 13	0.107537761711
tunis	2016-04-27 18	0.0880984855408
tunis	2016-04-27 23	0.0907024983051
tunis	2016-04-28 17	0.0836403475083
tunis	2016-04-28 22	0.136111602948
tunis	2016-04-30 22	0.118612281868
tunis	2016-05-03 08	0.0934148014195
tunis	2016-05-03 19	0.0817942748173
tunis	2016-05-03 20	0.0833407596438
tunis	2016-05-05 14	0.0990930342021
tunis	2016-05-06 09	0.0815746202193
tunis	2016-05-06 16	0.112960161025
tunis	2016-05-06 21	0.102259243688
tunis	2016-05-07 14	0.0843605696836
tunis	2016-05-07 22	0.0846772906137
tunis	2016-05-08 10	0.0811878549957
tunis	2016-05-08 12	0.123832849543
tunis	2016-05-10 01	0.0810357484017
tunis	2016-05-10 10	0.0811257488016
tunis	2016-05-11 10	0.232570021411
tunis	2016-05-11 12	0.0928642396521
tunis	2016-05-11 14	0.200623047194
tunis	2016-05-11 15	0.0845819574449
tunis	2016-05-11 20	0.080755828028
tunis	2016-05-11 21	0.0811587313077
tunis	2016-05-11 22	0.0957663967091
tunis	2016-05-12 12	0.13358659525
tunis	2016-05-13 09	0.0807282348577
tunis	2016-05-14 08	0.0818967193298
tunis	2016-05-14 09	0.079900912332
tunis	2016-05-15 18	0.0896169429294
tunis	2016-05-17 14	0.132756008431
tunis	2016-05-18 21	0.0832243701373
tunis	2016-05-24 23	0.0991357443291
tunis	2016-05-25 16	0.261313485306
tunis	2016-05-25 22	0.0824230625625
tunis	2016-05-27 15	0.0795542942259
tunis	2016-05-27 17	0.0846659780615
tunis	2016-05-29 01	0.0804337255974
tunis	2016-06-01 21	0.0858746649709
tunis	2016-06-02 07	0.0950024389158
tunis	2016-06-02 19	0.0806484214115
tunis	2016-06-02 20	0.264893399974
tunis	2016-06-04 23	0.0892075841718
tunis	2016-06-06 23	0.108654468583
tunis	2016-06-07 11	0.133933372848
tunis	2016-06-07 14	0.0787044090339
tunis	2016-06-07 18	0.0829523948082
tunis	2016-06-07 18	0.0840366746753
tunis	2016-06-10 01	0.0784100204644
tunis	2016-06-11 17	0.150811843735
tunis	2016-06-11 18	0.0798720970614
tunis	2016-06-17 01	0.0805107684699
tunis	2016-06-20 14	0.0821752628257
tunis	2016-06-21 16	0.0911945149725
tunis	2016-06-21 19	0.0827677511399
tunis	2016-06-21 20	0.0781346382649
tunis	2016-06-23 13	0.0905766407713
tunis	2016-06-23 16	0.111873069457
tunis	2016-06-23 21	0.115802330061
tunis	2016-06-25 15	0.0833012131025
tunis	2016-06-25 19	0.0779638104847
tunis	2016-06-25 21	0.117050119949
tunis	2016-06-27 02	0.0784956434446
tunis	2016-06-27 02	0.108503885436
tunis	2016-06-27 05	0.0814043848181
tunis	2016-06-27 11	0.0778906997991
tunis	2016-06-27 16	0.103761123027
tunis	2016-06-28 00	0.0908166865821
tunis	2016-06-30 20	0.0770586037945
tunis	2016-06-30 20	0.0782451532218
tunis	2016-07-01 03	0.0890115952037
tunis	2016-07-02 13	0.0894279825209
tunis	2016-07-02 17	0.209325238717
tunis	2016-07-02 19	0.0768524401821
tunis	2016-07-02 20	0.0900792992167
tunis	2016-07-03 02	0.0788933287441
tunis	2016-07-03 03	0.0819632723703
tunis	2016-07-03 06	0.0817891645439
tunis	2016-07-03 12	0.0823239501085
tunis	2016-07-04 11	0.0823806343018
tunis	2016-07-05 02	0.0817891645439
tunis	2016-07-06 16	0.0823239501085
tunis	2016-07-07 01	0.0794075153259
tunis	2016-07-07 13	0.0979882351836
tunis	2016-07-08 20	0.0763315363043
tunis	2016-07-09 19	0.0771311356946
tunis	2016-07-09 19	0.082295685629
tunis	2016-07-10 20	0.255998017907
tunis	2016-07-12 04	0.07624313166
tunis	2016-07-12 12	0.0812483827047
tunis	2016-07-13 03	0.0853518340587
tunis	2016-07-13 12	0.084546764346
tunis	2016-07-13 13	0.0759424103481
tunis	2016-07-13 22	0.0821884907622
tunis	2016-07-14 18	0.0759644879908
tunis	2016-07-14 19	0.0761429895955
tunis	2016-07-14 21	0.0873677204592
tunis	2016-07-15 07	0.0765486139463
tunis	2016-07-15 21	0.106925115907
tunis	2016-07-16 14	0.0773552920245
tunis	2016-07-16 16	0.161606880168
tunis	2016-07-17 12	0.0971450154268
tunis	2016-07-19 10	0.0818796167465
tunis	2016-07-19 12	0.0793786124844
tunis	2016-07-19 14	0.0757352793233
tunis	2016-08-02 01	0.0762691124261
tunis	2016-08-03 07	0.0750454555633
tunis	2016-08-03 18	0.0788479140726
tunis	2016-08-13 15	0.0800683551924
tunis	2016-08-13 19	0.0750842368358
tunis	2016-08-13 22	0.0779154404738
tunis	2016-08-14 11	0.105997260443
tunis	2016-08-14 13	0.0748862787903
tunis	2016-08-14 17	0.0914141216392
tunis	2016-08-15 21	0.0793900769282
tunis	2016-08-17 04	0.0842613333201
tunis	2016-08-18 11	0.0781511806516
tunis	2016-08-19 07	0.0862381097803
tunis	2016-08-21 17	0.0779494058829
tunis	2016-08-23 12	0.0906559940328
tunis	2016-08-23 14	0.0785684715047
tunis	2016-08-26 17	0.0731587959707
tunis	2016-08-29 21	0.106892154886
tunis	2016-08-30 09	0.142108845484
tunis	2016-08-30 18	0.0722305880893
tunis	2016-08-30 19	0.0723499481079
tunis	2016-08-30 22	0.0730541044471
tunis	2016-08-31 23	0.072261217437
tunis	2016-09-01 17	0.0729420712094
tunis	2016-09-04 12	0.0839128939312
tunis	2016-09-04 12	0.0798072039959
tunis	2016-09-04 13	0.09230420373
tunis	2016-09-04 22	0.0762757571626
tunis	2016-09-04 22	0.0750299927131
tunis	2016-09-04 23	0.0774667674207
tunis	2016-09-04 23	0.0783242893332
tunis	2016-09-05 17	0.0785421176537
tunis	2016-09-06 13	0.0749919030407
tunis	2016-09-06 15	0.075650216313
tunis	2016-09-06 15	0.0731385835859
tunis	2016-09-06 17	0.124540541488
tunis	2016-09-06 17	0.0711719532656
tunis	2016-09-07 12	0.200961932958
tunis	2016-09-07 12	0.103517618967
tunis	2016-09-07 14	0.0722446914806
tunis	2016-09-07 16	0.0959867716084
tunis	2016-09-16 23	0.0853919336121
tunis	2016-09-17 15	0.100980628771
tunis	2016-09-18 16	0.0771148903928
tunis	2016-09-20 09	0.0750361933379
tunis	2016-09-20 21	0.159337155249
tunis	2016-09-20 22	0.134569207289
tunis	2016-09-20 23	0.108319906631
tunis	2016-09-20 23	0.0886056699123
tunis	2016-09-21 05	0.0722610034592
tunis	2016-09-21 12	0.0696433610009
tunis	2016-09-21 17	0.0744955339866
tunis	2016-09-22 17	0.0701238737174
tunis	2016-09-22 17	0.0689377309703
tunis	2016-09-23 19	0.0758762233936
tunis	2016-09-24 02	0.160342472072
tunis	2016-09-24 14	0.0757665375791
tunis	2016-09-24 15	0.0709443014169
tunis	2016-09-24 17	0.069488839624
tunis	2016-09-24 17	0.0683328977569
tunis	2016-09-24 19	0.0956783113507
tunis	2016-09-25 08	0.105344007945
tunis	2016-09-25 10	0.0681386891032
tunis	2016-09-26 10	0.0746843952313
tunis	2016-09-27 20	0.0684369776768
tunis	2016-09-28 12	0.070884850911
tunis	2016-09-29 00	0.0853224571495
tunis	2016-09-30 00	0.0796147005159
tunis	2016-09-30 02	0.0697099604006
tunis	2016-09-30 09	0.0676861818646
tunis	2016-09-30 09	0.0763397248445
tunis	2016-09-30 11	0.0699694533938
tunis	2016-09-30 15	0.0708940893831
tunis	2016-09-30 21	0.0722079181957
tunis	2016-10-01 16	0.069411781358
tunis	2016-10-01 18	0.0719718378931
tunis	2016-10-01 18	0.0910823051582
tunis	2016-10-02 00	0.0784804873496
tunis	2016-10-02 20	0.0691679991654
tunis	2016-10-03 07	0.0666635894741
tunis	2016-10-03 07	0.066094469752
tunis	2016-10-03 14	0.0691103338983
tunis	2016-10-05 19	0.0983552823784
tunis	2016-10-06 13	0.0778408608932
tunis	2016-10-06 17	0.0807549778265
tunis	2016-10-06 21	0.0631275118651
tunis	2016-10-07 21	0.0666020571399
tunis	2016-10-08 00	0.0631450765082
tunis	2016-10-08 00	0.0825042266301
tunis	2016-10-08 07	0.0686124074749
tunis	2016-10-08 12	0.0935800818147
tunis	2016-10-09 09	0.0654952040282
tunis	2016-10-10 01	0.0650206344702
tunis	2016-10-10 11	0.0628854824444
tunis	2016-10-10 21	0.0620611890266
tunis	2016-10-11 14	0.159794307663
tunis	2016-10-11 16	0.0619036026749
tunis	2016-10-11 19	0.0623925463107
tunis	2016-10-12 11	0.062089786085
tunis	2016-10-12 18	0.0618776335077
tunis	2016-10-13 11	0.0675156814637
tunis	2016-10-14 10	0.064260591715
tunis	2016-10-14 11	0.0617465217104
tunis	2016-10-14 11	0.0622800696073
tunis	2016-10-14 11	0.110970780063
tunis	2016-10-15 20	0.0631890646294
tunis	2016-10-16 10	0.0613983324766
tunis	2016-10-16 22	0.0698492693565
tunis	2016-10-17 01	0.0697012481844
tunis	2016-10-17 08	0.063041977256
tunis	2016-10-21 08	0.0613164605921
tunis	2016-10-21 21	0.0724995457964
tunis	2016-10-24 09	0.0640674232466
tunis	2016-10-24 14	0.0626692219086
tunis	2016-10-25 23	0.0658616267494
tunis	2016-10-26 22	0.0610214609523
tunis	2016-10-27 11	0.0697492087491
tunis	2016-10-28 10	0.0600800321559
tunis	2016-10-28 14	0.0686696431312
tunis	2016-10-30 11	0.0626631093
tunis	2016-10-31 12	0.0636502186068
tunis	2016-10-31 16	0.0620946272448
tunis	2016-10-31 17	0.065182776958
tunis	2016-11-01 12	0.0642717865279
tunis	2016-11-02 11	0.0670679840091
tunis	2016-11-02 13	0.0608614281881
tunis	2016-11-02 14	0.0609729192934
tunis	2016-11-02 16	0.0820226302178
tunis	2016-11-03 21	0.0589159457275
tunis	2016-11-03 21	0.0875384792425
tunis	2016-11-03 22	0.0915912125629
tunis	2016-11-11 21	0.0605134086928
tunis	2016-11-12 13	0.059258134012
tunis	2016-11-12 13	0.0632045862527
tunis	2016-11-12 18	0.0859932100497
tunis	2016-11-12 21	0.0658368026804
tunis	2016-11-13 12	0.154681926086
tunis	2016-11-13 14	0.0597464625137
tunis	2016-11-13 15	0.0815638367004
tunis	2016-12-08 09	0.065368804856
tunis	2016-12-09 09	0.0600223849482
tunis	2016-12-09 11	0.0606406322801
tunis	2016-12-09 13	0.0593518411202
tunis	2016-12-09 13	0.0599995299272
tunis	2016-12-09 14	0.0774194937356
tunis	2016-12-09 14	0.0586287329805
tunis	2016-12-09 16	0.0748901286636
tunis	2016-12-17 20	0.0588021206975
tunis	2016-12-18 09	0.0576164803317
tunis	2016-12-18 11	0.0609730556632
tunis	2016-12-18 12	0.0688148802501
tunis	2016-12-18 13	0.0598507006519
tunis	2016-12-18 17	0.057737441479
tunis	2016-12-19 21	0.0575368116098
tunis	2016-12-19 22	0.0586052761279
tunis	2016-12-20 14	0.0638884212698
tunis	2016-12-20 22	0.0673542152146
tunis	2016-12-21 20	0.0671329740607
tunis	2016-12-22 08	0.0675944729833
tunis	2016-12-22 12	0.164347774815
tunis	2016-12-22 16	0.101839055434
tunis	2016-12-23 17	0.0604812040037
tunis	2016-12-23 23	0.161238694894
tunis	2016-12-25 19	0.132033340086
tunis	2016-12-26 20	0.0590272799058
tunis	2016-12-26 22	0.0615937382756
tunis	2016-12-28 12	0.0579999197558
tunis	2016-12-28 15	0.0570047041365
tunis	2016-12-28 22	0.0651823776416
tunis	2016-12-29 19	0.165343410052
tunis	2016-12-29 22	0.0623429285368
tunis	2016-12-30 00	0.0616503501505
tunis	2017-01-03 17	0.0683865251347
tunis	2017-01-04 08	0.0565438658388
tunis	2017-01-04 12	0.073116530299
tunis	2017-01-05 13	0.0720098596823
tunis	2017-01-06 10	0.059882345588
tunis	2017-01-07 10	0.0568337631056
tunis	2017-01-07 21	0.0634335507654
tunis	2017-01-08 19	0.070732088162
tunis	2017-01-08 20	0.0585372628644
tunis	2017-01-08 20	0.0569783695159
tunis	2017-01-08 22	0.0564473126269
tunis	2017-01-10 20	0.0728943520404
tunis	2017-01-11 18	0.060225186957
tunis	2017-01-12 12	0.0916629427828
tunis	2017-01-12 13	0.0547987882251
tunis	2017-01-12 23	0.0604391496582
tunis	2017-01-13 16	0.0575478215735
tunis	2017-01-14 02	0.0564933743876
tunis	2017-01-14 08	0.0547712488501
tunis	2017-01-16 15	0.0575427687285
tunis	2017-01-16 20	0.0786165941173
tunis	2017-01-17 22	0.085717144311
tunis	2017-01-18 17	0.0546299286258
tunis	2017-01-19 12	0.0640306707386
tunis	2017-01-19 21	0.0623937666236
tunis	2017-01-19 23	0.0546299286258
tunis	2017-01-21 18	0.0640306707386
tunis	2017-01-22 09	0.0644260904881
tunis	2017-01-22 22	0.0589822919044
tunis	2017-01-26 00	0.149707796679
tunis	2017-01-26 10	0.0643221753947
tunis	2017-01-26 12	0.0563090636735
tunis	2017-01-26 21	0.0595234046916
tunis	2017-01-27 07	0.0536774061247
tunis	2017-01-28 14	0.0541441941654
tunis	2017-01-31 22	0.0799120166152
tunis	2017-02-02 11	0.0529627749599
tunis	2017-02-03 18	0.0602879432303
tunis	2017-02-05 10	0.0569208345817
tunis	2017-02-06 13	0.0985439413346
tunis	2017-02-06 13	0.0594271732645
tunis	2017-02-07 00	0.0541523133462
tunis	2017-02-08 08	0.0550375971694
tunis	2017-02-11 10	0.0523636148568
tunis	2017-02-13 09	0.0616659889113
tunis	2017-02-16 09	0.0553704942163
tunis	2017-02-16 21	0.0578566549448
tunis	2017-02-17 08	0.0542648792691
tunis	2017-02-17 11	0.0562041134621
tunis	2017-02-17 12	0.0548718619971
tunis	2017-02-17 14	0.0504833420961
tunis	2017-02-18 07	0.151934456941
tunis	2017-02-18 14	0.0535225091119
tunis	2017-02-18 17	0.0537808148863
tunis	2017-02-19 09	0.126879457564
tunis	2017-02-19 10	0.0522438582993
tunis	2017-02-21 08	0.0888835541579
tunis	2017-02-21 20	0.0500972065963
tunis	2017-02-23 13	0.0699306847151
tunis	2017-02-23 19	0.0482466082345
tunis	2017-02-24 13	0.0509487296055
tunis	2017-02-25 23	0.153182132333
tunis	2017-02-25 23	0.066477627253
tunis	2017-02-26 13	0.0479670661901
tunis	2017-02-26 22	0.0498825239351
tunis	2017-02-27 08	0.157227632813
tunis	2017-02-27 19	0.0563039497706
tunis	2017-02-28 08	0.136441530278
tunis	2017-03-01 08	0.0640373866825
tunis	2017-03-01 08	0.0516680978215
tunis	2017-03-01 14	0.0517020504165
tunis	2017-03-01 19	0.0843291744193
tunis	2017-03-02 08	0.0665118632156
tunis	2017-03-03 16	0.0576634949029
tunis	2017-03-04 16	0.0470712090611
tunis	2017-03-04 16	0.0632581321186
tunis	2017-03-04 18	0.0703473770478
tunis	2017-03-04 20	0.142905797199
tunis	2017-03-04 20	0.0588385399185
tunis	2017-03-04 20	0.0963638630865
tunis	2017-03-04 21	0.0500863789447
tunis	2017-03-04 21	0.0497530408025
tunis	2017-03-05 08	0.0468100519611
tunis	2017-03-05 11	0.0486095989175
tunis	2017-03-05 22	0.0464481721901
tunis	2017-03-06 10	0.0655861686248
tunis	2017-03-06 13	0.0494965588435
tunis	2017-03-07 08	0.0461698407766
tunis	2017-03-07 12	0.153276503688
tunis	2017-03-09 20	0.0599238555574
tunis	2017-03-11 08	0.0790832051326
tunis	2017-03-11 22	0.0689542336695
tunis	2017-03-12 08	0.0661101442199
tunis	2017-03-12 10	0.0513364270196
tunis	2017-03-12 11	0.183935061667
tunis	2017-03-12 11	0.0611671329812
tunis	2017-03-12 14	0.0556997046967
tunis	2017-03-13 11	0.0630338060466
tunis	2017-03-14 17	0.0546253597105
tunis	2017-03-15 00	0.0453774611052
tunis	2017-03-15 08	0.0864112468439
tunis	2017-03-15 13	0.082425202915
tunis	2017-03-15 14	0.0479335157049
tunis	2017-03-15 18	0.0493747345051
tunis	2017-03-15 22	0.084403881067
tunis	2017-03-16 18	0.075747763724
tunis	2017-03-16 21	0.0439523887746
tunis	2017-03-17 18	0.0965127229663
tunis	2017-03-18 19	0.0433292475158
tunis	2017-03-19 05	0.0433271720351
tunis	2017-03-19 22	0.0466536441931
tunis	2017-03-20 05	0.0461611486879
tunis	2017-03-23 14	0.133118070307
tunis	2017-03-23 15	0.0470843813771
tunis	2017-03-24 07	0.0431539148889
tunis	2017-03-26 11	0.0427217987895
tunis	2017-03-26 18	0.0428551993019
tunis	2017-03-26 19	0.0495431840525
tunis	2017-03-27 11	0.0434300446495
tunis	2017-03-27 20	0.0613873591515
tunis	2017-03-28 15	0.0420582657012
tunis	2017-03-28 18	0.0431175378302
tunis	2017-03-28 21	0.0451579086346
tunis	2017-03-28 22	0.0485061900475
tunis	2017-03-29 12	0.0419025213365
tunis	2017-03-30 13	0.0469928179832
tunis	2017-03-31 12	0.0636161463498
tunis	2017-03-31 17	0.0417229848684
tunis	2017-03-31 21	0.0434428852307
tunis	2017-03-31 21	0.0415864722802
tunis	2017-04-01 08	0.0456145981451
tunis	2017-04-02 21	0.0701651006605
tunis	2017-04-03 16	0.0412068008598
tunis	2017-04-04 01	0.0642397956286
tunis	2017-04-04 08	0.0417015297731
tunis	2017-04-04 16	0.0653234664383
tunis	2017-04-05 13	0.0568003633062
tunis	2017-04-07 15	0.0404097174057
tunis	2017-04-07 16	0.0524679713245
tunis	2017-04-09 10	0.0449435972883
tunis	2017-04-09 10	0.057551124805
tunis	2017-04-09 22	0.0440686797797
tunis	2017-04-09 22	0.0749654231396
tunis	2017-04-10 10	0.0428727534484
tunis	2017-04-10 17	0.0422751107835
tunis	2017-04-10 18	0.0471568466169
tunis	2017-04-11 08	0.0441521588701
tunis	2017-04-11 11	0.0443435944867
tunis	2017-04-11 20	0.0465287542203
tunis	2017-04-12 19	0.0390253705136
tunis	2017-04-12 23	0.0391126668015
tunis	2017-04-12 23	0.0419849206107
tunis	2017-04-13 00	0.048283635636
tunis	2017-04-13 17	0.0399127254479
tunis	2017-04-14 08	0.0561950791338
tunis	2017-04-14 18	0.0466930580745
tunis	2017-04-15 13	0.0382974259215
tunis	2017-04-15 15	0.0714661308569
tunis	2017-04-16 02	0.0388312760212
tunis	2017-04-18 15	0.0614618605989
tunis	2017-04-18 16	0.0556585829018
tunis	2017-04-18 20	0.037955465383
tunis	2017-04-18 23	0.0376065171265
tunis	2017-04-19 09	0.0371365089787
tunis	2017-04-19 13	0.0390018567013
tunis	2017-04-20 00	0.0702890983552
tunis	2017-04-21 09	0.049952170286
tunis	2017-04-21 13	0.0369854405595
tunis	2017-04-21 15	0.0474322342624
tunis	2017-04-21 16	0.0384693197164
tunis	2017-04-21 17	0.0413712180804
tunis	2017-04-22 21	0.0392854566506
tunis	2017-04-23 09	0.0389173782262
tunis	2017-04-24 03	0.0365132648649
tunis	2017-04-24 20	0.0356788816831
tunis	2017-04-25 07	0.0363383633168
tunis	2017-04-25 18	0.0426382624657
tunis	2017-04-26 23	0.0476968157958
tunis	2017-04-27 21	0.0431492831059
tunis	2017-04-29 00	0.0353443358493
tunis	2017-04-29 11	0.036167141926
tunis	2017-04-29 16	0.0348677318167
tunis	2017-04-29 19	0.0377153012689
tunis	2017-04-29 21	0.0362535362771
tunis	2017-04-29 23	0.0401677202077
tunis	2017-04-30 11	0.034658628449
tunis	2017-04-30 12	0.0349403538016
tunis	2017-04-30 15	0.0562709033386
tunis	2017-05-01 08	0.0349110788951
tunis	2017-05-01 17	0.0430777835822
tunis	2017-05-01 22	0.0353189895509
tunis	2017-05-02 13	0.0350428208532
tunis	2017-05-02 21	0.038396231349
tunis	2017-05-02 22	0.0365359738374
tunis	2017-05-03 19	0.0342629514033
tunis	2017-05-04 08	0.0358823269682
tunis	2017-05-05 16	0.0383569325699
tunis	2017-05-06 13	0.0917784905632
tunis	2017-05-07 12	0.0334879034638
tunis	2017-05-08 13	0.0471396285166
tunis	2017-05-08 22	0.0334304634823
tunis	2017-05-10 19	0.0341716175422
tunis	2017-05-10 23	0.187999960869
tunis	2017-05-11 00	0.0366800006128
tunis	2017-05-12 21	0.105715465313
tunis	2017-05-13 12	0.0349190592344
tunis	2017-05-13 19	0.0366104357501
tunis	2017-05-13 21	0.0345991832333
tunis	2017-05-15 15	0.0343040453677
tunis	2017-05-15 20	0.040488770297
tunis	2017-05-16 14	0.0329901904032
tunis	2017-05-16 14	0.0554581635124
tunis	2017-05-16 21	0.0346721934609
tunis	2017-05-17 11	0.032354844184
tunis	2017-05-17 11	0.0320880777873
tunis	2017-05-17 17	0.0349644465855
tunis	2017-05-17 19	0.0314189710328
tunis	2017-05-18 00	0.0818044143119
tunis	2017-05-18 01	0.0830563874919
tunis	2017-05-20 11	0.0317069698373
tunis	2017-05-22 00	0.0307755666731
tunis	2017-05-22 08	0.0313991457247
tunis	2017-05-23 00	0.0307341340039
tunis	2017-05-23 10	0.0322991201817
tunis	2017-05-25 14	0.0315930499482
tunis	2017-05-26 20	0.0313459086769
tunis	2017-05-26 22	0.0302913443204
tunis	2017-05-27 13	0.0302671661978
tunis	2017-05-27 15	0.0355965776371
tunis	2017-05-28 18	0.0299111821127
tunis	2017-05-28 22	0.0294369946424
tunis	2017-05-31 12	0.0327749545541
tunis	2017-05-31 13	0.0293097466161
tunis	2017-05-31 14	0.0294739405973
tunis	2017-05-31 15	0.0292082829849
tunis	2017-06-02 04	0.0312149043346
tunis	2017-06-02 17	0.0498154067567
tunis	2017-06-02 23	0.0354745290502
tunis	2017-06-03 09	0.0316424659408
tunis	2017-06-05 18	0.0281945189984
tunis	2017-06-05 20	0.0283599002033
tunis	2017-06-05 22	0.0282695420111
tunis	2017-06-06 02	0.027804943332
tunis	2017-06-07 12	0.0280092911048
tunis	2017-06-07 21	0.03907219424
tunis	2017-06-08 11	0.0274125684868
tunis	2017-06-08 18	0.029099045455
tunis	2017-06-09 22	0.0277835779074
tunis	2017-06-10 09	0.0297541716131
tunis	2017-06-10 15	0.0278041772602
tunis	2017-06-10 23	0.0277844045468
tunis	2017-06-11 02	0.048748525721
tunis	2017-06-11 07	0.0270858170107
tunis	2017-06-13 12	0.0279184774906
tunis	2017-06-13 15	0.0306493700943
tunis	2017-06-13 16	0.0267008645748
tunis	2017-06-13 19	0.0264709730696
tunis	2017-06-14 09	0.0325630684725
tunis	2017-06-17 00	0.026344494188
tunis	2017-06-17 13	0.0263896347965
tunis	2017-06-17 17	0.0295641741207
tunis	2017-06-18 05	0.0286194659802
tunis	2017-06-18 21	0.0268601381199
tunis	2017-06-19 23	0.028704802404
tunis	2017-06-20 09	0.0260436052978
tunis	2017-06-20 18	0.0257384937367
tunis	2017-06-20 18	0.0268991574395
tunis	2017-06-20 19	0.0257964068628
tunis	2017-06-20 21	0.0268302947758
tunis	2017-06-21 02	0.0256538428952
tunis	2017-06-22 04	0.0314038190936
tunis	2017-06-22 10	0.0289718003247
tunis	2017-06-22 17	0.025161048908
tunis	2017-06-22 18	0.025882857857
tunis	2017-06-23 01	0.0263936033304
tunis	2017-06-23 18	0.0247465638866
tunis	2017-06-24 19	0.0322047932877
tunis	2017-06-25 02	0.0259520306866
tunis	2017-06-25 07	0.0254037039355
tunis	2017-06-25 18	0.0248385665966
tunis	2017-06-27 13	0.0293201326062
tunis	2017-06-29 05	0.0213398878223
tunis	2017-06-29 05	0.0204142715826
tunis	2017-06-29 18	0.0244016055428
tunis	2017-06-30 01	0.0204097485283
tunis	2017-06-30 16	0.0197539056651
tunis	2017-06-30 23	0.019753362562
tunis	2017-07-02 16	0.0223647179455
tunis	2017-07-02 19	0.0202977201902
tunis	2017-07-04 03	0.0227221091425
tunis	2017-07-04 15	0.0225205671494
tunis	2017-07-04 23	0.0217279212811
tunis	2017-07-04 23	0.0191288793882
tunis	2017-07-05 16	0.0201701900408
tunis	2017-07-06 00	0.0193486517481
tunis	2017-07-06 22	0.0196248763445
tunis	2017-07-07 00	0.0209449363092
tunis	2017-07-07 01	0.0185955640225
tunis	2017-07-07 01	0.0326663366738
tunis	2017-07-07 02	0.021668347468
tunis	2017-07-07 15	0.0621640972344
tunis	2017-07-08 09	0.0183538757946
tunis	2017-07-08 15	0.0403523154487
tunis	2017-07-08 16	0.021996748671
tunis	2017-07-10 16	0.032111333304
tunis	2017-07-11 16	0.0172423370617
tunis	2017-07-13 11	0.0174281387766
tunis	2017-07-13 11	0.0284714148238
tunis	2017-07-13 11	0.0148398124467
tunis	2017-07-13 21	0.0167334024094
tunis	2017-07-14 17	0.0215205741425
tunis	2017-07-14 19	0.0295005514177
tunis	2017-07-16 20	0.015999021329
tunis	2017-07-17 02	0.0143707811104
tunis	2017-07-17 05	0.0140943206783
tunis	2017-07-17 11	0.0215241014421
tunis	2017-07-17 13	0.0139554954939
tunis	2017-07-17 13	0.0158114622032
tunis	2017-07-19 20	0.0167391199623
tunis	2017-07-20 14	0.0229143012032
tunis	2017-07-21 01	0.0223428791972
tunis	2017-07-21 01	0.0130820441118
tunis	2017-07-21 06	0.0134285299356
tunis	2017-07-21 11	0.0136143358074
tunis	2017-07-21 13	0.028446165091
tunis	2017-07-21 18	0.0139025823234
tunis	2017-07-22 16	0.0125275587416
tunis	2017-07-23 01	0.0130976588209
tunis	2017-07-23 03	0.0126052074655
tunis	2017-07-24 00	0.0146014552778
tunis	2017-07-24 09	0.0147511851501
tunis	2017-07-24 12	0.0125838948613
tunis	2017-07-24 14	0.0124476091224
tunis	2017-07-24 16	0.0121859058676
tunis	2017-07-24 19	0.01269494165
tunis	2017-07-24 22	0.0123064643432
tunis	2017-07-25 00	0.0125106042583
tunis	2017-07-25 02	0.0123743556312
tunis	2017-07-25 10	0.0120303310005
tunis	2017-07-26 12	0.0144176901046
tunis	2017-07-26 13	0.0276985230123
tunis	2017-07-28 05	0.0136057071909
tunis	2017-07-28 13	0.017602943461
tunis	2017-07-28 19	0.0120397660849
tunis	2017-07-29 12	0.0125086885253
tunis	2017-07-29 15	0.0124474360012
tunis	2017-07-29 15	0.0153458949764
tunis	2017-07-29 17	0.0115464567104
tunis	2017-07-29 18	0.0177065957482
tunis	2017-07-30 14	0.011519145807
tunis	2017-07-30 14	0.0125380068023
tunis	2017-07-30 17	0.010974908494
tunis	2017-07-30 18	0.0109738903014
tunis	2017-07-31 11	0.0114941111285
tunis	2017-07-31 11	0.0190982234488
tunis	2017-07-31 12	0.0108490596691
tunis	2017-08-01 14	0.0118849724606
tunis	2017-08-02 17	0.0107287373817
tunis	2017-08-04 23	0.0107225337471
tunis	2017-08-05 11	0.025455476466
tunis	2017-08-05 13	0.0106835529125
tunis	2017-08-06 03	0.0116691430884
tunis	2017-08-07 00	0.0140489796328
tunis	2017-08-07 03	0.0164756034578
tunis	2017-08-07 13	0.01273988409
tunis	2017-08-07 15	0.0112036385975
tunis	2017-08-08 14	0.0115655031346
tunis	2017-08-08 15	0.0299524214315
tunis	2017-08-08 17	0.0105479635393
tunis	2017-08-08 22	0.0105410460742
tunis	2017-08-09 00	0.0500564347688
tunis	2017-08-09 01	0.0191767565889
tunis	2017-08-09 11	0.0120099071328
tunis	2017-08-09 18	0.0119077195793
tunis	2017-08-09 19	0.0167947164787
tunis	2017-08-11 15	0.0154565002328
tunis	2017-08-12 12	0.0102937912779
tunis	2017-08-12 16	0.0103353553884
tunis	2017-08-12 17	0.0103289336572
tunis	2017-08-12 18	0.0674273136359
tunis	2017-08-12 18	0.0281564286374
tunis	2017-08-13 15	0.0100041964774
tunis	2017-08-14 00	0.00995495052252
tunis	2017-08-14 00	0.0146017562616
tunis	2017-08-14 10	0.00949474250146
tunis	2017-08-14 14	0.00952692626764
tunis	2017-08-14 17	0.00938175994631
tunis	2017-08-14 20	0.00919995044644
tunis	2017-08-14 22	0.0108321490029
tunis	2017-08-15 11	0.0126602060023
tunis	2017-08-15 14	0.0171517842957
tunis	2017-08-15 15	0.00899991736102
tunis	2017-08-15 23	0.00994472652094
tunis	2017-08-16 16	0.0101188902379
tunis	2017-08-16 16	0.00858905252808
tunis	2017-08-16 21	0.0169154876059
tunis	2017-08-16 22	0.0103108613154
tunis	2017-08-16 22	0.0172088186223
tunis	2017-08-17 02	0.00979857148574
tunis	2017-08-17 03	0.00854650374826
tunis	2017-08-18 02	0.00910828640525
tunis	2017-08-18 09	0.00854149893182
tunis	2017-08-18 09	0.0507889653472
tunis	2017-08-19 14	0.00858233320293
tunis	2017-08-19 22	0.0180641215563
tunis	2017-08-20 09	0.00843398808905
tunis	2017-08-21 15	0.00911288467041
tunis	2017-08-22 09	0.00835765858009
tunis	2017-08-23 15	0.00995360610274
tunis	2017-08-23 19	0.0161363151165
tunis	2017-08-24 03	0.00864160924437
tunis	2017-08-24 11	0.00809291669509
tunis	2017-08-24 13	0.00779698613088
tunis	2017-08-24 14	0.00782198915978
tunis	2017-08-24 18	0.00822630744735
tunis	2017-08-26 14	0.00760844853499
tunis	2017-08-27 19	0.00790740701026
tunis	2017-08-27 22	0.0078647221078
tunis	2017-08-28 12	0.00743145854078
tunis	2017-08-28 16	0.00852642992109
tunis	2017-08-28 21	0.00737057792002
tunis	2017-08-29 00	0.00740795400694
tunis	2017-08-29 02	0.0196190983019
tunis	2017-08-30 10	0.00792075332183
tunis	2017-08-30 15	0.00759101703953
tunis	2017-08-31 12	0.00757548689968
tunis	2017-08-31 16	0.00746836381456
tunis	2017-09-01 14	0.0075174649987
tunis	2017-09-02 12	0.00709398020365
tunis	2017-09-02 13	0.00892146682095
tunis	2017-09-02 14	0.00798660293196
tunis	2017-09-02 15	0.0066952932776
tunis	2017-09-02 19	0.00707886563968
tunis	2017-09-02 21	0.00772033684878
tunis	2017-09-04 12	0.00702624632693
tunis	2017-09-06 10	0.00796310383401
tunis	2017-09-06 13	0.0074439984827
tunis	2017-09-06 18	0.00649570644366
tunis	2017-09-06 19	0.00658875883752
tunis	2017-09-07 11	0.00844497280305
tunis	2017-09-07 13	0.00616137806103
tunis	2017-09-07 14	0.00625689534884
tunis	2017-09-08 00	0.00620419833709
tunis	2017-09-08 20	0.00677405809498
tunis	2017-09-09 10	0.0060556809597
tunis	2017-09-09 11	0.0107914563988
tunis	2017-09-09 12	0.0685037039791
tunis	2017-09-09 17	0.0116514733132
tunis	2017-09-09 17	0.00522657740815
tunis	2017-09-09 18	0.00704850040236
tunis	2017-09-09 18	0.00508447865037
tunis	2017-09-09 20	0.00514253845138
tunis	2017-09-09 22	0.00494527126193
tunis	2017-09-10 00	0.0101711684373
tunis	2017-09-10 04	0.0054275121177
tunis	2017-09-10 10	0.00476601875472
tunis	2017-09-10 11	0.0055413707325
tunis	2017-09-10 13	0.00619271341799
tunis	2017-09-10 16	0.00550682659639
tunis	2017-09-10 22	0.000826691331816
zaghouan	2015-09-03 19	0.122102319838
zaghouan	2015-09-19 10	0.188636439178
zaghouan	2015-11-21 22	0.103647114801
zaghouan	2016-04-14 21	0.17733374399
zaghouan	2016-06-01 13	0.0803063537894
zaghouan	2016-06-13 20	0.0997098718134
zaghouan	2016-08-31 01	0.0742323722135
zaghouan	2016-08-31 11	0.0701332240513
zaghouan	2017-01-04 18	0.0694539584068
zaghouan	2017-01-11 08	0.0538062473346
zaghouan	2017-01-28 21	0.0540943178251
zaghouan	2017-02-24 08	0.0442923574359
zaghouan	2017-03-19 20	0.0444307705076
zaghouan	2017-04-08 09	0.0366927311976
zaghouan	2017-04-23 22	0.019693619117
zaghouan	2017-08-22 18	0.0124051406113
zaghouan	2017-08-30 20	0.0121792838472
