post_id	place	score
1008279892518211_1699952476684279	ariana	0.105962127969
1008279892518211_1699407143405479	ariana	0.0990351427072
1008279892518211_1687120407967486	ariana	0.101268082132
1008279892518211_1663741523638708	ariana	0.100339248054
1008279892518211_1663762856969908	ariana	0.0974361434089
1008279892518211_1660164333996427	ariana	0.104782510848
1008279892518211_1659441944068666	ariana	0.0987014542939
1008279892518211_1648354568510737	ariana	0.11190877016
1008279892518211_1627499860596208	ariana	0.0929799669097
1008279892518211_1621526444526883	ariana	0.0932816240969
1008279892518211_1621483747864486	ariana	0.0937667829717
1008279892518211_1616991334980394	ariana	0.101425379983
1008279892518211_1602836293062565	ariana	0.0905768553633
1008279892518211_1596980086981519	ariana	0.103995888057
1008279892518211_1597851550227706	ariana	0.0916801078217
1008279892518211_1586658914680303	ariana	0.105283470302
1008279892518211_1581185068561021	ariana	0.0988273410128
1008279892518211_1580745165271678	ariana	0.0887778965627
1008279892518211_1578846848794843	ariana	0.0903189387425
1008279892518211_1572052146140980	ariana	0.0889173900258
1008279892518211_1550498091629719	ariana	0.0864196644087
1008279892518211_1549629641716564	ariana	0.0909803268143
1008279892518211_1548507738495421	ariana	0.0911205959939
1008279892518211_1545675342111994	ariana	0.0895722760857
1008279892518211_1544562512223277	ariana	0.0861750340872
1008279892518211_1540037182675810	ariana	0.0845399594403
1008279892518211_1534228533256675	ariana	0.0850430779453
1008279892518211_1524593644220164	ariana	0.0834589333429
1008279892518211_1510427175636811	ariana	0.0844107019805
1008279892518211_1479778615368334	ariana	0.0799163707532
1008279892518211_1471679586178237	ariana	0.0970074426793
1008279892518211_1457581947588001	ariana	0.0879503892818
1008279892518211_1444987588847437	ariana	0.0796007009941
1008279892518211_1398187516860778	ariana	0.0742537122825
1008279892518211_1396120290400834	ariana	0.0682660700552
1008279892518211_1385284738151056	ariana	0.0719808499866
1008279892518211_1378293352183528	ariana	0.0975395413668
1008279892518211_1366461423366721	ariana	0.0802684521445
1008279892518211_1337299836282880	ariana	0.0630169305176
1008279892518211_1330129480333249	ariana	0.0646849729835
1008279892518211_1328480400498157	ariana	0.0717236180447
1008279892518211_1315571675122363	ariana	0.0639000635605
1008279892518211_1313934731952724	ariana	0.0714014222091
1008279892518211_1311896118823252	ariana	0.0593495647211
1008279892518211_1311895862156611	ariana	0.0593495176806
1008279892518211_1278851725461025	ariana	0.0553933553914
1008279892518211_1270234272989437	ariana	0.057005379478
1008279892518211_1260410027305195	ariana	0.0917762422786
1008279892518211_1259119350767596	ariana	0.0530212215973
1008279892518211_1257551200924411	ariana	0.05190303866
1008279892518211_1235855236427341	ariana	0.0564123678265
1008279892518211_1215192165160315	ariana	0.0460015132835
1008279892518211_1207354909277374	ariana	0.0438487524924
1008279892518211_1199891060023759	ariana	0.0444804268111
1008279892518211_1195235607155971	ariana	0.0412425001386
1008279892518211_1187135854632613	ariana	0.0426652105921
1008279892518211_1186636168015915	ariana	0.0399082260722
1008279892518211_1185452421467623	ariana	0.0396089673701
1008279892518211_1181957551817110	ariana	0.0455226839471
1008279892518211_1180798425266356	ariana	0.0394679580241
1008279892518211_1176644942348371	ariana	0.0419782035247
1008279892518211_1174336285912570	ariana	0.0471962306422
1008279892518211_1173079579371574	ariana	0.0409476229488
1008279892518211_1141272002552332	ariana	0.041448111676
1008279892518211_1139961506016715	ariana	0.0472761505658
1008279892518211_1136032073076325	ariana	0.0418377175713
1008279892518211_1134416139904585	ariana	0.0359006541571
1008279892518211_1122875844391948	ariana	0.0294880804823
1008279892518211_1114458458567020	ariana	0.027086379882
1008279892518211_1112432148769651	ariana	0.0257404962057
1008279892518211_1111539422192257	ariana	0.0329067392282
1008279892518211_1111231528889713	ariana	0.0254000990693
1008279892518211_1110033442342855	ariana	0.0247252669912
1008279892518211_1089553757724157	ariana	0.0213245706669
1008279892518211_1087376291275237	ariana	0.0196905685245
1008279892518211_1086666138012919	ariana	0.0245451684437
1008279892518211_1080791651933701	ariana	0.0202977620486
1008279892518211_1080042372008629	ariana	0.0187724166085
1008279892518211_1073778062635060	ariana	0.0197828631534
1008279892518211_1066813193331547	ariana	0.0243730972434
1008279892518211_1063317610347772	ariana	0.0169447997579
1008279892518211_1063190063693860	ariana	0.0487437386441
1008279892518211_1063174097028790	ariana	0.0351854253161
1008279892518211_1063611713651695	ariana	0.0133306162582
1008279892518211_1062776123735254	ariana	0.014522713281
1008279892518211_1062473170432216	ariana	0.0131595184396
1008279892518211_1062177453795121	ariana	0.0191497780849
1008279892518211_1062367090442824	ariana	0.0287772312741
1008279892518211_1062494277096772	ariana	0.0134304657694
1008279892518211_1061279097218290	ariana	0.0133208107413
1008279892518211_1061552610524272	ariana	0.0125218585456
1008279892518211_1060403097305890	ariana	0.0200903141901
1008279892518211_1059529160726617	ariana	0.0421121741547
1008279892518211_1056835324329334	ariana	0.0115382919115
1008279892518211_1053829197963280	ariana	0.0114755425372
1008279892518211_1053659521313581	ariana	0.011747551251
1008279892518211_1053541794658687	ariana	0.0107220488974
1008279892518211_1051744224838444	ariana	0.0114170391198
1008279892518211_1049497635063103	ariana	0.00957726676353
1008279892518211_1048567185156148	ariana	0.0154296949152
1008279892518211_1046694695343397	ariana	0.012846876818
1008279892518211_1045548402124693	ariana	0.00861643828125
1008279892518211_1040094902670043	ariana	0.00985178383735
1008279892518211_1040231065989760	ariana	0.00898162511206
1008279892518211_1040018782677655	ariana	0.00783605135425
1008279892518211_1039153826097484	ariana	0.0125392611185
1008279892518211_1036475366365330	ariana	0.0068721288628
1008279892518211_1036475326365334	ariana	0.00647447487309
1008279892518211_1036474489698751	ariana	0.00651936317381
1008279892518211_1033529183326615	ariana	0.00672414460013
1008279892518211_1025664940779706	ariana	0.00504448871059
1008279892518211_1008524509160416	ariana	0.00186193768399
1008279892518211_1544240295588832	beja	0.107430540674
1008279892518211_1472111706135025	beja	0.0809724090227
1008279892518211_1469337846412411	beja	0.0825932639395
1008279892518211_1415513781794818	beja	0.0714824963298
1008279892518211_1414115685267961	beja	0.0751723473522
1008279892518211_1410383208974542	beja	0.0841720272052
1008279892518211_1411175725561957	beja	0.0755391127221
1008279892518211_1399687326710797	beja	0.0797245875426
1008279892518211_1134532069892992	beja	0.0331460860581
1008279892518211_1124637634215769	beja	0.029029196106
1008279892518211_1123792954300237	beja	0.0369976407308
1008279892518211_1708698959142964	benArous	0.132315730598
1008279892518211_1704836032862590	benArous	0.109624815829
1008279892518211_1704347249578135	benArous	0.116584304803
1008279892518211_1691167910896069	benArous	0.116501822648
1008279892518211_1683352008344326	benArous	0.0991765863217
1008279892518211_1660202197325974	benArous	0.105043518895
1008279892518211_1645616715451189	benArous	0.102941958967
1008279892518211_1637905916222269	benArous	0.152681051853
1008279892518211_1630599413619586	benArous	0.094228154393
1008279892518211_1627526877260173	benArous	0.0938499482479
1008279892518211_1533630833316445	benArous	0.0824788781154
1008279892518211_1519633251382870	benArous	0.0968791489133
1008279892518211_1503881236291405	benArous	0.213682269988
1008279892518211_1477407982272064	benArous	0.103534486624
1008279892518211_1466257466720449	benArous	0.0880339207936
1008279892518211_1408045052541691	benArous	0.0712633771301
1008279892518211_1185920718087460	benArous	0.0390887510756
1008279892518211_1149943565018509	benArous	0.0364765204086
1008279892518211_1056956907650509	benArous	0.0111867575282
1008279892518211_1051554234857443	benArous	0.0303915621582
1008279892518211_1039644926048374	benArous	0.00890352626899
1008279892518211_1039655216047345	benArous	0.00791481467592
1008279892518211_1695852243760969	bizert	0.102095011362
1008279892518211_1670501402962720	bizert	0.0976717924625
1008279892518211_1666842783328582	bizert	0.0979992291878
1008279892518211_1660823533930507	bizert	0.0967774512152
1008279892518211_1642915209054673	bizert	0.0997733710209
1008279892518211_1637630129583181	bizert	0.10945086867
1008279892518211_1638790732800454	bizert	0.0967616029942
1008279892518211_1627403413939186	bizert	0.0928359552171
1008279892518211_1615584625121065	bizert	0.278853494929
1008279892518211_1614792791866915	bizert	0.188673369558
1008279892518211_1618250601521134	bizert	0.0933693343821
1008279892518211_1618211774858350	bizert	0.0940711978761
1008279892518211_1615809351765259	bizert	0.100406139484
1008279892518211_1602920183054176	bizert	0.0914655737916
1008279892518211_1602914496388078	bizert	0.0904607588972
1008279892518211_1602908909721970	bizert	0.0904150067632
1008279892518211_1602896999723161	bizert	0.0907178564685
1008279892518211_1596406720372189	bizert	0.0903843717509
1008279892518211_1596401437039384	bizert	0.091936441219
1008279892518211_1594979123848282	bizert	0.097160297079
1008279892518211_1586243234721871	bizert	0.0895452160348
1008279892518211_1556242861055242	bizert	0.0851562094022
1008279892518211_1553719861307542	bizert	0.0848578302135
1008279892518211_1551533894859472	bizert	0.0854655410969
1008279892518211_1551530401526488	bizert	0.0871823398965
1008279892518211_1551526684860193	bizert	0.0847950867572
1008279892518211_1550797044933157	bizert	0.084826805821
1008279892518211_1546201652059363	bizert	0.0843847345591
1008279892518211_1533710476641814	bizert	0.0825343234286
1008279892518211_1531478180198377	bizert	0.0834899247267
1008279892518211_1522203327792529	bizert	0.0838215728256
1008279892518211_1521424541203741	bizert	0.0843123155672
1008279892518211_1521419834537545	bizert	0.0835479230765
1008279892518211_1511038685575660	bizert	0.081055496478
1008279892518211_1507976529215209	bizert	0.0996966556408
1008279892518211_1507954515884077	bizert	0.0801844725098
1008279892518211_1503253719687490	bizert	0.0803118613178
1008279892518211_1503246529688209	bizert	0.0792831160588
1008279892518211_1492563584089837	bizert	0.0780970796857
1008279892518211_1489174391095423	bizert	0.0779697169685
1008279892518211_1471172396228956	bizert	0.0820881467594
1008279892518211_1466627190016810	bizert	0.0828744974876
1008279892518211_1389730081039855	bizert	0.067836162979
1008279892518211_1338164882863042	bizert	0.0628642826529
1008279892518211_1330157326997131	bizert	0.0694625445508
1008279892518211_1328062050539992	bizert	0.146948343344
1008279892518211_1320794971266700	bizert	0.0648693986848
1008279892518211_1276137295732468	bizert	0.0643618152605
1008279892518211_1263423380337193	bizert	0.0562079605119
1008279892518211_1233586936654171	bizert	0.0504665006385
1008279892518211_1215448971801301	bizert	0.0505148990648
1008279892518211_1202350699777795	bizert	0.0533117831588
1008279892518211_1179706928708839	bizert	0.0486958339212
1008279892518211_1176867828992749	bizert	0.0377428997475
1008279892518211_1170795602933305	bizert	0.0363301232155
1008279892518211_1166667530012779	bizert	0.0354847183137
1008279892518211_1124636800882519	bizert	0.0279554491259
1008279892518211_1111801495499383	bizert	0.024789491919
1008279892518211_1110320485647484	bizert	0.0264889605915
1008279892518211_1068254223187444	bizert	0.014690021168
1008279892518211_1054809231198610	bizert	0.0116375397038
1008279892518211_1045004178845782	bizert	0.00984632334453
1008279892518211_1039043342775199	bizert	0.00720223514046
1008279892518211_1033143683365165	bizert	0.00592877981105
1008279892518211_1467182846627911	gabes	0.0759794599299
1008279892518211_1337931886219675	gabes	0.0939601929773
1008279892518211_1329111013768429	gabes	0.0690522370098
1008279892518211_1175667615779437	gabes	0.0562853580583
1008279892518211_1175678349111697	gabes	0.0372433589564
1008279892518211_1165556713457194	gabes	0.0364763040786
1008279892518211_1133840309962168	gabes	0.187129567205
1008279892518211_1615531565126371	gafsa	0.0955722048715
1008279892518211_1609376855741842	gafsa	0.0971653057451
1008279892518211_1599292126750315	gafsa	0.125785577968
1008279892518211_1592849657394562	gafsa	0.0893649966462
1008279892518211_1589961934350001	gafsa	0.0909794496254
1008279892518211_1487672444578951	gafsa	0.0839035574709
1008279892518211_1477397322273130	gafsa	0.0994232567411
1008279892518211_1476569255689270	gafsa	0.1282387941
1008279892518211_1467852259894303	gafsa	0.0755522403419
1008279892518211_1429695627043300	gafsa	0.0719309172991
1008279892518211_1401040499908813	gafsa	0.0696165559216
1008279892518211_1326535584025972	gafsa	0.063766821456
1008279892518211_1322074704472060	gafsa	0.067011857602
1008279892518211_1291009084245289	gafsa	0.0579540087311
1008279892518211_1188512481161617	gafsa	0.0419196941482
1008279892518211_1170776472935218	gafsa	0.0370371747689
1008279892518211_1165084460171086	gafsa	0.035109255215
1008279892518211_1080008762011990	gafsa	0.018776358869
1008279892518211_1057073774305489	gafsa	0.0111289085482
1008279892518211_1056851677661032	gafsa	0.0112464539142
1008279892518211_1045045238841676	gafsa	0.00935846647704
1008279892518211_1429417707071092	jendouba	0.140268757694
1008279892518211_1175911485755050	jendouba	0.037180166195
1008279892518211_1703402699672590	kairouan	0.0994513795804
1008279892518211_1674775839201943	kairouan	0.0982487342734
1008279892518211_1662444227101771	kairouan	0.139425395289
1008279892518211_1638715136141347	kairouan	0.0952746260394
1008279892518211_1629810117031849	kairouan	0.117303889032
1008279892518211_1601155846563943	kairouan	0.0908829308214
1008279892518211_1581720248507503	kairouan	0.113271825704
1008279892518211_1509444665735062	kairouan	0.152594650552
1008279892518211_1466619146684281	kairouan	0.17249507089
1008279892518211_1464821276864068	kairouan	0.109881989242
1008279892518211_1380642565281940	kairouan	0.0676049647886
1008279892518211_1378656262147237	kairouan	0.0716056084349
1008279892518211_1299401010072763	kairouan	0.0586895844635
1008279892518211_1295917417087789	kairouan	0.0615225512078
1008279892518211_1170388599640672	kairouan	0.0365421572177
1008279892518211_1166009956745203	kairouan	0.0356923682035
1008279892518211_1166007416745457	kairouan	0.035263734555
1008279892518211_1144950988851100	kairouan	0.0323423877915
1008279892518211_1142654759080723	kairouan	0.0348651266328
1008279892518211_1140965339249665	kairouan	0.0348034779558
1008279892518211_1115305938482272	kairouan	0.0329568450414
1008279892518211_1069845399694993	kairouan	0.0151899291848
1008279892518211_1062710580408475	kairouan	0.0127546965723
1008279892518211_1058481017498098	kairouan	0.0219457524525
1008279892518211_1031041546908712	kairouan	0.00556973798749
1008279892518211_1582470011765860	kasserine	0.10894771392
1008279892518211_1401942309818632	kasserine	0.0717668296325
1008279892518211_1039331089413091	kasserine	0.0399986219038
1008279892518211_1167723219907210	kebeli	0.0543384661746
1008279892518211_1693964097283117	kef	0.157310815236
1008279892518211_1690240824322111	kef	0.150974705693
1008279892518211_1668894513123409	kef	0.371183325037
1008279892518211_1666416890037838	kef	0.154211750524
1008279892518211_1617021991643995	kef	0.0919292405831
1008279892518211_1614425335236994	kef	0.17295192702
1008279892518211_1602905079722353	kef	0.0907188058299
1008279892518211_1599085573437637	kef	0.0900269948347
1008279892518211_1543750705637791	kef	0.0862795371876
1008279892518211_1540168192662709	kef	0.0832147123414
1008279892518211_1532792293400299	kef	0.0834578587631
1008279892518211_1496633617016167	kef	0.0848930618278
1008279892518211_1466475893365273	kef	0.0782676352263
1008279892518211_1458679230811606	kef	0.0971194134376
1008279892518211_1437939649552231	kef	0.072523652367
1008279892518211_1433388783340651	kef	0.0719397913234
1008279892518211_1430616360284560	kef	0.0720021233206
1008279892518211_1429407780405418	kef	0.0810669665027
1008279892518211_1425437044135825	kef	0.0788900864379
1008279892518211_1424743694205160	kef	0.0718994252789
1008279892518211_1416138401732356	kef	0.0754291982661
1008279892518211_1295178797161651	kef	0.0701394308553
1008279892518211_1291917140821150	kef	0.122595295644
1008279892518211_1290295710983293	kef	0.0604041484988
1008279892518211_1271377976208400	kef	0.0538459187853
1008279892518211_1216821734997358	kef	0.045499905035
1008279892518211_1201616749851190	kef	0.0564571017718
1008279892518211_1175368879142644	kef	0.0547955420394
1008279892518211_1168151156531083	kef	0.0356439520271
1008279892518211_1146202525392613	kef	0.032900241935
1008279892518211_1141251465887719	kef	0.0315175129446
1008279892518211_1139145462764986	kef	0.0394317192111
1008279892518211_1132803666732499	kef	0.0297856849389
1008279892518211_1116059985073534	kef	0.0268456193338
1008279892518211_1114410668571799	kef	0.0318685523734
1008279892518211_1082255185120681	kef	0.0183075873986
1008279892518211_1070045549674978	kef	0.0148771912739
1008279892518211_1048579185154948	kef	0.0194909004622
1008279892518211_1664641910215336	mahdia	0.0973727068568
1008279892518211_1618445268168334	mahdia	0.0940760477728
1008279892518211_1613843131961881	mahdia	0.105429694068
1008279892518211_1609511622395032	mahdia	0.118261584431
1008279892518211_1551200661559462	mahdia	0.0866684938164
1008279892518211_1460780227268173	mahdia	0.165848194573
1008279892518211_1455126177833578	mahdia	0.0819997225879
1008279892518211_1327086620637535	mahdia	0.0612790195429
1008279892518211_1029619883717545	mahdia	0.00598478567509
1008279892518211_1696672193678974	manouba	0.0987836314649
1008279892518211_1664789966867197	manouba	0.107067931342
1008279892518211_1655526137793580	manouba	0.109092155335
1008279892518211_1544195295593332	manouba	0.101641553563
1008279892518211_1523140514365477	manouba	0.0812430427385
1008279892518211_1522105441135651	manouba	0.100708274675
1008279892518211_1496245500388312	manouba	0.125122655107
1008279892518211_1487473137932215	manouba	0.0935554399284
1008279892518211_1401937766485753	manouba	0.0711385501882
1008279892518211_1323645467648317	manouba	0.061117635848
1008279892518211_1305887309424133	manouba	0.0589076598034
1008279892518211_1256999160979615	manouba	0.0581983850809
1008279892518211_1170998506246348	manouba	0.0373812879273
1008279892518211_1170997526246446	manouba	0.0374594505036
1008279892518211_1168794699800062	manouba	0.0404867739499
1008279892518211_1080365688642964	manouba	0.0177958630923
1008279892518211_1060311437315056	manouba	0.0130897662743
1008279892518211_1039589132720620	manouba	0.00870605806103
1008279892518211_1033149530031247	manouba	0.00665524946827
1008279892518211_1647401091939418	monastir	0.0953696676406
1008279892518211_1642825399063654	monastir	0.105357869532
1008279892518211_1630679353611592	monastir	0.0932118413509
1008279892518211_1586424524703742	monastir	0.116871269908
1008279892518211_1577218888957639	monastir	0.135912446435
1008279892518211_1575957219083806	monastir	0.100738862333
1008279892518211_1564197430259785	monastir	0.0892900182472
1008279892518211_1422470027765860	monastir	0.0788441213734
1008279892518211_1419025521443644	monastir	0.0795519636601
1008279892518211_1419541428058720	monastir	0.0703132331075
1008279892518211_1266319713380893	monastir	0.0591669036813
1008279892518211_1232009893478542	monastir	0.054728144277
1008279892518211_1140679905944875	monastir	0.0340366973475
1008279892518211_1112448165434716	monastir	0.0272067756308
1008279892518211_1069007693112097	monastir	0.0145766642344
1008279892518211_1069007629778770	monastir	0.0146668912835
1008279892518211_1048392951840238	monastir	0.00934236112099
1008279892518211_1044400018906198	monastir	0.0102426613945
1008279892518211_1695978957081631	nabeul	0.103133847169
1008279892518211_1683732684972925	nabeul	0.102431427087
1008279892518211_1681583425187851	nabeul	0.0990123201567
1008279892518211_1683867941626066	nabeul	0.0983235268455
1008279892518211_1651901938156000	nabeul	0.103759113314
1008279892518211_1621349911211203	nabeul	0.0953764745595
1008279892518211_1614468071899387	nabeul	0.0950658238114
1008279892518211_1584926818186846	nabeul	0.0917944739526
1008279892518211_1460880980591431	nabeul	0.119777224476
1008279892518211_1459419377404258	nabeul	0.0801716435903
1008279892518211_1452365114776351	nabeul	0.074335515312
1008279892518211_1421062424573287	nabeul	0.182990378344
1008279892518211_1414092171936979	nabeul	0.0784047727308
1008279892518211_1222276494451882	nabeul	0.048642538179
1008279892518211_1221125311233667	nabeul	0.0566740201342
1008279892518211_1188663141146551	nabeul	0.0800901722792
1008279892518211_1169397826406416	nabeul	0.0360397412263
1008279892518211_1052163858129814	nabeul	0.0113562019062
1008279892518211_1045214795491387	nabeul	0.0117878892272
1008279892518211_1044953268850873	nabeul	0.00966447365386
1008279892518211_1040129829333217	nabeul	0.00782176733362
1008279892518211_1039704352709098	nabeul	0.012941704088
1008279892518211_1028073250538875	nabeul	0.00562073822944
1008279892518211_1700568649955995	sfax	0.117180788722
1008279892518211_1674984565847737	sfax	0.141316444837
1008279892518211_1663107560368771	sfax	0.235216030731
1008279892518211_1647288198617374	sfax	0.0996149434355
1008279892518211_1636469093032618	sfax	0.0943185475046
1008279892518211_1605523392793855	sfax	0.0963164159442
1008279892518211_1602449249767936	sfax	0.0971455883768
1008279892518211_1602211816458346	sfax	0.246894953978
1008279892518211_1602219049790956	sfax	0.0926160903365
1008279892518211_1587412701271591	sfax	0.116089643606
1008279892518211_1584170554929139	sfax	0.0882974804733
1008279892518211_1559418374071024	sfax	0.127624035016
1008279892518211_1545465615466300	sfax	0.0838425470074
1008279892518211_1537120662967462	sfax	0.0876909118945
1008279892518211_1536426276370234	sfax	0.124327043956
1008279892518211_1466020336744162	sfax	0.0828720408394
1008279892518211_1463778563635006	sfax	0.0954523483645
1008279892518211_1462454060434123	sfax	0.157776054447
1008279892518211_1423969410949255	sfax	0.0720831723044
1008279892518211_1423821957630667	sfax	0.0744365778808
1008279892518211_1413077332038463	sfax	0.0750246768737
1008279892518211_1330298760316321	sfax	0.0635061461139
1008279892518211_1308831752463022	sfax	0.0648507069634
1008279892518211_1307126845966846	sfax	0.0623285626691
1008279892518211_1305234659489398	sfax	0.063554607324
1008279892518211_1301758489837015	sfax	0.0581305943008
1008279892518211_1298960753450122	sfax	0.0625006073654
1008279892518211_1293788123967385	sfax	0.0608329255026
1008279892518211_1289383911074473	sfax	0.0586457119618
1008279892518211_1277058462307018	sfax	0.0555250651646
1008279892518211_1277065135639684	sfax	0.0554866715058
1008279892518211_1276883258991205	sfax	0.057421901549
1008279892518211_1255481864464678	sfax	0.0573651845534
1008279892518211_1226333547379510	sfax	0.0471684736758
1008279892518211_1222590691087129	sfax	0.0461940780007
1008279892518211_1205081712838027	sfax	0.0429305756125
1008279892518211_1191639120848953	sfax	0.0661703475975
1008279892518211_1177888098890722	sfax	0.0576888914293
1008279892518211_1169544793058386	sfax	0.0609950514321
1008279892518211_1140604012619131	sfax	0.0349690673895
1008279892518211_1129556100390589	sfax	0.0309300745573
1008279892518211_1129429860403213	sfax	0.0303517119933
1008279892518211_1111830272163172	sfax	0.0248410485568
1008279892518211_1085298804816319	sfax	0.0213253360015
1008279892518211_1083236978355835	sfax	0.0183623664716
1008279892518211_1082713548408178	sfax	0.0183505146954
1008279892518211_1082274928452040	sfax	0.0181321566478
1008279892518211_1063652123647654	sfax	0.0131396048797
1008279892518211_1062361700443363	sfax	0.0129935100329
1008279892518211_1061051590574374	sfax	0.0121355751319
1008279892518211_1061051517241048	sfax	0.0121355494735
1008279892518211_1054611557885044	sfax	0.0106298658582
1008279892518211_1044622438883956	sfax	0.00834829896039
1008279892518211_1039553346057532	sfax	0.00870559817295
1008279892518211_1039245156088351	sfax	0.00716110261794
1008279892518211_1034299813249552	sfax	0.00632320596697
1008279892518211_1018018591544341	sfax	0.00282269328361
1008279892518211_1577625745583620	sidiBouzid	0.149782796775
1008279892518211_1220988201247378	sidiBouzid	0.0459026197855
1008279892518211_1219154941430704	sidiBouzid	0.0465292826453
1008279892518211_1123453374334195	sidiBouzid	0.0288469349101
1008279892518211_1090870557592477	sidiBouzid	0.0366447276703
1008279892518211_1070403559639177	siliana	0.0181117161542
1008279892518211_1039944016018465	siliana	0.0102669760497
1008279892518211_1704205272925666	sousse	0.10176557743
1008279892518211_1697441826935344	sousse	0.101341133471
1008279892518211_1695811673765026	sousse	0.100217493523
1008279892518211_1686420221370838	sousse	0.112042472711
1008279892518211_1686961201316740	sousse	0.105232591216
1008279892518211_1676164895729704	sousse	0.159352153896
1008279892518211_1684416134904580	sousse	0.100638367003
1008279892518211_1683666644979529	sousse	0.0983607275999
1008279892518211_1676973975648796	sousse	0.105595926253
1008279892518211_1671067536239440	sousse	0.109803499502
1008279892518211_1669587129720814	sousse	0.099082114765
1008279892518211_1666282963384564	sousse	0.124011278552
1008279892518211_1664652193547641	sousse	0.0972136856111
1008279892518211_1661703633842497	sousse	0.106540031562
1008279892518211_1661115300567997	sousse	0.105304030263
1008279892518211_1658447164168144	sousse	0.101348918761
1008279892518211_1655437697802424	sousse	0.0981598749374
1008279892518211_1649322475080613	sousse	0.26311987039
1008279892518211_1644360922243435	sousse	0.105135236682
1008279892518211_1643325689013625	sousse	0.106408281129
1008279892518211_1640920725920788	sousse	0.166577659632
1008279892518211_1641050512574476	sousse	0.0960953202499
1008279892518211_1641021835910677	sousse	0.0942770643859
1008279892518211_1639243412755186	sousse	0.0940852107132
1008279892518211_1638783079467886	sousse	0.0986357727208
1008279892518211_1638806036132257	sousse	0.0957143954401
1008279892518211_1637914029554791	sousse	0.109217215025
1008279892518211_1635561296456731	sousse	0.142042067772
1008279892518211_1636278853051642	sousse	0.0990916774393
1008279892518211_1635049673174560	sousse	0.102755086338
1008279892518211_1630839123595615	sousse	0.0938534860956
1008279892518211_1630716093607918	sousse	0.100640902888
1008279892518211_1630671773612350	sousse	0.0999840957416
1008279892518211_1624655240880670	sousse	0.0976107143864
1008279892518211_1621518124527715	sousse	0.0925266321967
1008279892518211_1616942941651900	sousse	0.092333464706
1008279892518211_1616231941723000	sousse	0.101958088375
1008279892518211_1615076421838552	sousse	0.174039193086
1008279892518211_1587339444612250	sousse	0.0925297868227
1008279892518211_1584673634878831	sousse	0.12409674441
1008279892518211_1580650301947831	sousse	0.0961663519454
1008279892518211_1576554339024094	sousse	0.107234314191
1008279892518211_1576635365682658	sousse	0.0951466403858
1008279892518211_1559969544015907	sousse	0.110320305132
1008279892518211_1554069474605914	sousse	0.124019602967
1008279892518211_1555240334488828	sousse	0.0885986224034
1008279892518211_1553030371376491	sousse	0.0924099038705
1008279892518211_1551196688226526	sousse	0.0984696305763
1008279892518211_1550795581599970	sousse	0.0949787732622
1008279892518211_1547523331927195	sousse	0.193961239971
1008279892518211_1543265859019609	sousse	0.144864704333
1008279892518211_1546560202023508	sousse	0.0929715307876
1008279892518211_1544336605579201	sousse	0.0965153331051
1008279892518211_1544247755588086	sousse	0.0864902959083
1008279892518211_1540912789254916	sousse	0.107913330802
1008279892518211_1536220563057472	sousse	0.24212955341
1008279892518211_1537038249642370	sousse	0.0872125565606
1008279892518211_1527217400624455	sousse	0.0950608982233
1008279892518211_1522334217779440	sousse	0.0928980739307
1008279892518211_1508735199139342	sousse	0.0841368761157
1008279892518211_1508763415803187	sousse	0.117705976722
1008279892518211_1508897809123081	sousse	0.0908197418646
1008279892518211_1508522115827317	sousse	0.0837832089113
1008279892518211_1506622619350600	sousse	0.111450188605
1008279892518211_1506482942697901	sousse	0.0982745904168
1008279892518211_1507836505895878	sousse	0.0812923775772
1008279892518211_1506065689406293	sousse	0.0992007026853
1008279892518211_1497324410280421	sousse	0.0796868307778
1008279892518211_1496350330377829	sousse	0.0873871604084
1008279892518211_1492915410721321	sousse	0.0996431093119
1008279892518211_1490196884326507	sousse	0.0934866961409
1008279892518211_1480230651989797	sousse	0.079032181077
1008279892518211_1448489025163960	sousse	0.0757622369225
1008279892518211_1443939782285551	sousse	0.0798478002043
1008279892518211_1437373706275492	sousse	0.0750403134289
1008279892518211_1423068931039303	sousse	0.122592781318
1008279892518211_1423531400993056	sousse	0.0779900814836
1008279892518211_1419003044779225	sousse	0.0927199477708
1008279892518211_1419482118064651	sousse	0.0740412066496
1008279892518211_1417455238267339	sousse	0.202092304011
1008279892518211_1413450358667827	sousse	0.0726183226651
1008279892518211_1411054822240714	sousse	0.0719879338049
1008279892518211_1409096892436507	sousse	0.0699737552946
1008279892518211_1408329535846576	sousse	0.0736602430447
1008279892518211_1298898880122976	sousse	0.0660777933002
1008279892518211_1299468126732718	sousse	0.0578932642992
1008279892518211_1299071993438998	sousse	0.0672119036912
1008279892518211_1295190773827120	sousse	0.0840712512802
1008279892518211_1277350175611180	sousse	0.0564659896839
1008279892518211_1222501721096026	sousse	0.0461761698523
1008279892518211_1222430561103142	sousse	0.0461626364637
1008279892518211_1219963691349829	sousse	0.0494822044378
1008279892518211_1219941294685402	sousse	0.0474327608088
1008279892518211_1185533804792818	sousse	0.0451440317691
1008279892518211_1177288935617305	sousse	0.114316543991
1008279892518211_1178466938832838	sousse	0.0395282887082
1008279892518211_1177335128946019	sousse	0.0426382452156
1008279892518211_1173546312658234	sousse	0.0384423250947
1008279892518211_1173052412707624	sousse	0.0600319341933
1008279892518211_1155885574424308	sousse	0.03617020851
1008279892518211_1148863561793176	sousse	0.0425237773132
1008279892518211_1147520495260816	sousse	0.0345234893658
1008279892518211_1120691511277048	sousse	0.027461698383
1008279892518211_1117438138269052	sousse	0.0265735431426
1008279892518211_1110966148916251	sousse	0.0275084517544
1008279892518211_1087426767936856	sousse	0.0209724354542
1008279892518211_1085455964800603	sousse	0.0190225079333
1008279892518211_1084261604920039	sousse	0.0217714045286
1008279892518211_1079835572029309	sousse	0.018215632419
1008279892518211_1068777246468475	sousse	0.0157102359995
1008279892518211_1048430525169814	sousse	0.0132572320675
1008279892518211_1047297878616412	sousse	0.00946229973632
1008279892518211_1044435822235951	sousse	0.00901357302953
1008279892518211_1040082722671261	sousse	0.00807419160064
1008279892518211_1033105936702273	sousse	0.00592021987863
1008279892518211_1583617634984431	tataouine	0.0930753161442
1008279892518211_1566121580067370	tataouine	0.0872973269632
1008279892518211_1540465965966265	tataouine	0.0920367711623
1008279892518211_1457772450902284	tataouine	0.0965574191105
1008279892518211_1299481226731408	tataouine	0.0597370424083
1008279892518211_1276886405657557	tataouine	0.0575883579417
1008279892518211_1645657558780438	tozeur	0.0991035397574
1008279892518211_1645653658780828	tozeur	0.0985208765382
1008279892518211_1641300725882788	tozeur	0.103834237924
1008279892518211_1639157142763813	tozeur	0.107526288725
1008279892518211_1520930811253114	tozeur	0.084806709983
1008279892518211_1449829941696535	tozeur	0.115087537338
1008279892518211_1708661635813363	tunis	0.109574026729
1008279892518211_1708956122450581	tunis	0.100090252708
1008279892518211_1707703319242528	tunis	0.198948633735
1008279892518211_1707358425943684	tunis	0.103168591419
1008279892518211_1707987425880784	tunis	0.112257337074
1008279892518211_1707907745888752	tunis	0.134362142939
1008279892518211_1708476759165184	tunis	0.10004440397
1008279892518211_1708372042508989	tunis	0.102660944224
1008279892518211_1708421879170672	tunis	0.106951910453
1008279892518211_1708181065861420	tunis	0.104327113578
1008279892518211_1707708025908724	tunis	0.110569794535
1008279892518211_1706822215997305	tunis	0.106273505124
1008279892518211_1707785789234281	tunis	0.0998670566233
1008279892518211_1707664435913083	tunis	0.0998999396366
1008279892518211_1707654965914030	tunis	0.102602513216
1008279892518211_1705463736133153	tunis	0.329127309086
1008279892518211_1707424982603695	tunis	0.103880577026
1008279892518211_1707404929272367	tunis	0.110989444275
1008279892518211_1705967586082768	tunis	0.16887856134
1008279892518211_1704651529547707	tunis	0.144883327283
1008279892518211_1705356502810543	tunis	0.109763135165
1008279892518211_1705447179468142	tunis	0.100637309777
1008279892518211_1704694906210036	tunis	0.112214155655
1008279892518211_1704384009574459	tunis	0.153665621284
1008279892518211_1704272606252266	tunis	0.0996755851939
1008279892518211_1701980066481520	tunis	0.109698748371
1008279892518211_1699105576768969	tunis	0.0999532508034
1008279892518211_1699723756707151	tunis	0.10077884722
1008279892518211_1699592480053612	tunis	0.104907028291
1008279892518211_1697576040255256	tunis	0.101566002872
1008279892518211_1699247023421491	tunis	0.099814389826
1008279892518211_1699161460096714	tunis	0.100921320745
1008279892518211_1693083804037813	tunis	0.144513620989
1008279892518211_1699072353438958	tunis	0.105111096229
1008279892518211_1695522277127299	tunis	0.119119592205
1008279892518211_1695881717091355	tunis	0.11606702015
1008279892518211_1692328800779980	tunis	0.127670032041
1008279892518211_1688888251124035	tunis	0.181081692733
1008279892518211_1685012618178265	tunis	0.15458669271
1008279892518211_1688566134489580	tunis	0.111975863422
1008279892518211_1687302731282587	tunis	0.101096839849
1008279892518211_1688238057855721	tunis	0.116934322675
1008279892518211_1686764138003113	tunis	0.0997610591549
1008279892518211_1684720121540848	tunis	0.0991185661263
1008279892518211_1680754871937373	tunis	0.118433254447
1008279892518211_1674651185881075	tunis	0.10587113172
1008279892518211_1672607546085439	tunis	0.139087436403
1008279892518211_1674819042530956	tunis	0.107265893527
1008279892518211_1675335602479300	tunis	0.100024144256
1008279892518211_1672050322807828	tunis	0.102165983681
1008279892518211_1673791625967031	tunis	0.0982070233431
1008279892518211_1674484285897765	tunis	0.100417300065
1008279892518211_1669398173073043	tunis	0.137275201507
1008279892518211_1668600486486145	tunis	0.122443255775
1008279892518211_1662411327105061	tunis	0.320389155083
1008279892518211_1666495256696668	tunis	0.100830043722
1008279892518211_1667355293277331	tunis	0.101068859048
1008279892518211_1666905469988980	tunis	0.106646036332
1008279892518211_1663831930296334	tunis	0.156936047744
1008279892518211_1664014313611429	tunis	0.101865573895
1008279892518211_1663864173626443	tunis	0.110180761166
1008279892518211_1665328203480040	tunis	0.0995357335692
1008279892518211_1665322073480653	tunis	0.0971015213544
1008279892518211_1665035100176017	tunis	0.0977311240782
1008279892518211_1663869563625904	tunis	0.11366582914
1008279892518211_1663552126990981	tunis	0.0976039095943
1008279892518211_1663603113652549	tunis	0.099187744581
1008279892518211_1661677977178396	tunis	0.0979594682139
1008279892518211_1664048243608036	tunis	0.0989457463571
1008279892518211_1662285750450952	tunis	0.104161350429
1008279892518211_1662436207102573	tunis	0.0978014621564
1008279892518211_1662847360394791	tunis	0.112188959558
1008279892518211_1660405060639021	tunis	0.131396685165
1008279892518211_1661756270503900	tunis	0.158597335755
1008279892518211_1661339620545565	tunis	0.104908293099
1008279892518211_1661482283864632	tunis	0.106599438079
1008279892518211_1661184840561043	tunis	0.109832336497
1008279892518211_1659377137408480	tunis	0.13282826364
1008279892518211_1660840407262153	tunis	0.0966108387027
1008279892518211_1660826703930190	tunis	0.0968229809763
1008279892518211_1659104720769055	tunis	0.0967752673474
1008279892518211_1659435510735976	tunis	0.0965777913537
1008279892518211_1659421710737356	tunis	0.0994720153908
1008279892518211_1659345247411669	tunis	0.104064346098
1008279892518211_1658216457524548	tunis	0.117903343513
1008279892518211_1656064757739718	tunis	0.105273308785
1008279892518211_1655712854441575	tunis	0.111987462113
1008279892518211_1656421174370743	tunis	0.0960908566631
1008279892518211_1655676081111919	tunis	0.105078376641
1008279892518211_1656390911040436	tunis	0.0982601986618
1008279892518211_1655196351159892	tunis	0.136579932038
1008279892518211_1654259794586881	tunis	0.132214674959
1008279892518211_1655595287786665	tunis	0.0999265619277
1008279892518211_1655354071144120	tunis	0.0981807241477
1008279892518211_1655247674488093	tunis	0.0991800506116
1008279892518211_1654192261260301	tunis	0.0964239753247
1008279892518211_1653601861319341	tunis	0.0960133514225
1008279892518211_1652471944765666	tunis	0.16288054825
1008279892518211_1653437158002478	tunis	0.0963207091727
1008279892518211_1651688114844049	tunis	0.136457344437
1008279892518211_1651782431501284	tunis	0.0999846522719
1008279892518211_1651161361563391	tunis	0.101358785333
1008279892518211_1648618661817661	tunis	0.101427089599
1008279892518211_1647435265269334	tunis	0.175291499482
1008279892518211_1645655185447342	tunis	0.13638705227
1008279892518211_1646438842035643	tunis	0.0977838788049
1008279892518211_1646392242040303	tunis	0.10575628731
1008279892518211_1646397062039821	tunis	0.106018343634
1008279892518211_1644685445544316	tunis	0.131377390917
1008279892518211_1644749512204576	tunis	0.120767618648
1008279892518211_1645519902127537	tunis	0.110454349184
1008279892518211_1644473908898803	tunis	0.138034759077
1008279892518211_1645526652126862	tunis	0.113115112296
1008279892518211_1645729172106610	tunis	0.094809097328
1008279892518211_1644570618889132	tunis	0.110894293027
1008279892518211_1643531362326391	tunis	0.11249715976
1008279892518211_1644581268888067	tunis	0.0952453171716
1008279892518211_1643804805632380	tunis	0.0959203923213
1008279892518211_1641106315902229	tunis	0.132343210411
1008279892518211_1643161089030085	tunis	0.102474914028
1008279892518211_1639835449362649	tunis	0.111152881459
1008279892518211_1641123445900516	tunis	0.10196490532
1008279892518211_1639494159396778	tunis	0.121748431622
1008279892518211_1635267596486101	tunis	0.108048662707
1008279892518211_1639400976072763	tunis	0.0941014752976
1008279892518211_1639317179414476	tunis	0.0962916196124
1008279892518211_1639110696101791	tunis	0.135136754071
1008279892518211_1635168383162689	tunis	0.104063892095
1008279892518211_1638959299450264	tunis	0.094059354158
1008279892518211_1638784952801032	tunis	0.0997232566337
1008279892518211_1638862092793318	tunis	0.0940499617526
1008279892518211_1638255682853959	tunis	0.0967189500797
1008279892518211_1638673096145551	tunis	0.0959017923601
1008279892518211_1637016632977864	tunis	0.13657382751
1008279892518211_1637126669633527	tunis	0.1349504368
1008279892518211_1636519189694275	tunis	0.127219332777
1008279892518211_1635508193128708	tunis	0.113942556436
1008279892518211_1634726253206902	tunis	0.114669743247
1008279892518211_1633388543340673	tunis	0.096015855808
1008279892518211_1634723416540519	tunis	0.0950822738578
1008279892518211_1634941723185355	tunis	0.0937268531141
1008279892518211_1634190876593773	tunis	0.131115700886
1008279892518211_1630060857006775	tunis	0.100794914545
1008279892518211_1630813196931541	tunis	0.0936909180508
1008279892518211_1630812970264897	tunis	0.0948397778399
1008279892518211_1630716433607884	tunis	0.0932626852549
1008279892518211_1630328603646667	tunis	0.127978514465
1008279892518211_1630497030296491	tunis	0.0931870325143
1008279892518211_1627465767266284	tunis	0.0938901310803
1008279892518211_1626329704046557	tunis	0.0958042045279
1008279892518211_1623660357646825	tunis	0.476627208063
1008279892518211_1627385187274342	tunis	0.0952220490218
1008279892518211_1625782807434580	tunis	0.0953610463965
1008279892518211_1625756910770503	tunis	0.0993219478508
1008279892518211_1625746290771565	tunis	0.0927677529559
1008279892518211_1622505934428934	tunis	0.105569738131
1008279892518211_1620168177996043	tunis	0.104346746889
1008279892518211_1619939014685626	tunis	0.0948036238311
1008279892518211_1620253434654184	tunis	0.128665385743
1008279892518211_1619010328111828	tunis	0.136089283234
1008279892518211_1618288921517302	tunis	0.0922936915364
1008279892518211_1618333601512834	tunis	0.0919942729314
1008279892518211_1618322184847309	tunis	0.0936143882605
1008279892518211_1618280434851484	tunis	0.0919310146003
1008279892518211_1618137078199153	tunis	0.0918727753709
1008279892518211_1617029911643203	tunis	0.0960298540349
1008279892518211_1615389008473960	tunis	0.125609490271
1008279892518211_1616635878349273	tunis	0.0989818571801
1008279892518211_1614820421864152	tunis	0.158789980631
1008279892518211_1610387215640806	tunis	0.157536921262
1008279892518211_1615837061762488	tunis	0.0924344821887
1008279892518211_1615823671763827	tunis	0.0935406796096
1008279892518211_1613061585373369	tunis	0.21515281248
1008279892518211_1613245275355000	tunis	0.128226997323
1008279892518211_1610767752269419	tunis	0.196478433559
1008279892518211_1609602759052585	tunis	0.11616174646
1008279892518211_1608223445857183	tunis	0.190536174082
1008279892518211_1609149925764535	tunis	0.0953486009951
1008279892518211_1608271209185740	tunis	0.0987810501504
1008279892518211_1603627359650125	tunis	0.135867493654
1008279892518211_1605670552779139	tunis	0.0911037095036
1008279892518211_1603127743033420	tunis	0.0927951135719
1008279892518211_1602900736389454	tunis	0.0904591010785
1008279892518211_1602579703088224	tunis	0.0912729864406
1008279892518211_1601474613198733	tunis	0.108947385098
1008279892518211_1598635626815965	tunis	0.141185331351
1008279892518211_1600347703311424	tunis	0.114551886505
1008279892518211_1600770793269115	tunis	0.092385884052
1008279892518211_1600397426639785	tunis	0.101091702537
1008279892518211_1599843020028559	tunis	0.0911707475547
1008279892518211_1600036856675842	tunis	0.0904813407051
1008279892518211_1598204440192417	tunis	0.0924165996076
1008279892518211_1597345686944959	tunis	0.103814710815
1008279892518211_1598287763517418	tunis	0.115143101268
1008279892518211_1598403363505858	tunis	0.0948644343975
1008279892518211_1598258516853676	tunis	0.0899301442954
1008279892518211_1597783646901163	tunis	0.0900975069325
1008279892518211_1596221453724049	tunis	0.109150482766
1008279892518211_1595516800461181	tunis	0.0994903201868
1008279892518211_1594197650593096	tunis	0.0943380933964
1008279892518211_1594766910536170	tunis	0.0944510006036
1008279892518211_1594953597184168	tunis	0.0896863318925
1008279892518211_1590431137636414	tunis	0.115891363866
1008279892518211_1590273954318799	tunis	0.180800340892
1008279892518211_1591291780883683	tunis	0.0891450694876
1008279892518211_1590678874278307	tunis	0.0892069329129
1008279892518211_1587759514570243	tunis	0.166095032098
1008279892518211_1590514410961420	tunis	0.0913543618991
1008279892518211_1585150721497789	tunis	0.0903900419176
1008279892518211_1588119831200878	tunis	0.0890477476958
1008279892518211_1587891937890334	tunis	0.0888402710099
1008279892518211_1587372104608984	tunis	0.0921292266021
1008279892518211_1586582464687948	tunis	0.098468635954
1008279892518211_1587115067968021	tunis	0.115346360659
1008279892518211_1584805078199020	tunis	0.099400416129
1008279892518211_1584186021594259	tunis	0.0882988631768
1008279892518211_1583684538311074	tunis	0.094415421743
1008279892518211_1581215318557996	tunis	0.10590055976
1008279892518211_1581695101843351	tunis	0.0898461340379
1008279892518211_1581355451877316	tunis	0.0881458570022
1008279892518211_1581092651903596	tunis	0.0959791504036
1008279892518211_1578240792188782	tunis	0.0913283064707
1008279892518211_1578625842150277	tunis	0.101878768742
1008279892518211_1577894042223457	tunis	0.093644950099
1008279892518211_1575711042441757	tunis	0.151411015402
1008279892518211_1577329168946611	tunis	0.0878987393604
1008279892518211_1575618499117678	tunis	0.0880924661743
1008279892518211_1575692409110287	tunis	0.0876588698522
1008279892518211_1575600535786141	tunis	0.0876475630439
1008279892518211_1572893286056866	tunis	0.13779178884
1008279892518211_1573100756036119	tunis	0.113679794808
1008279892518211_1570897172923144	tunis	0.100479989545
1008279892518211_1571631972849664	tunis	0.088986611948
1008279892518211_1571725612840300	tunis	0.0875987634325
1008279892518211_1569459009733627	tunis	0.123588108462
1008279892518211_1570955196250675	tunis	0.0876231848154
1008279892518211_1567077756638419	tunis	0.0923725929429
1008279892518211_1566694060010122	tunis	0.0868639917331
1008279892518211_1566001546746040	tunis	0.0924683303259
1008279892518211_1564061063606755	tunis	0.281174853096
1008279892518211_1565681576778037	tunis	0.0878522358681
1008279892518211_1561165960562932	tunis	0.115638095375
1008279892518211_1561495537196641	tunis	0.0876875219183
1008279892518211_1561453757200819	tunis	0.0858613760095
1008279892518211_1561271407219054	tunis	0.085882883792
1008279892518211_1560875370591991	tunis	0.0908636089929
1008279892518211_1560897103923151	tunis	0.104793628783
1008279892518211_1560274687318726	tunis	0.088336428427
1008279892518211_1559271134085748	tunis	0.122566496453
1008279892518211_1559975167348678	tunis	0.102861953854
1008279892518211_1559971594015702	tunis	0.0855501013842
1008279892518211_1559032804109581	tunis	0.0867717552083
1008279892518211_1556058961073632	tunis	0.0950076166902
1008279892518211_1557256774287184	tunis	0.0856471701885
1008279892518211_1557159634296898	tunis	0.101682684409
1008279892518211_1556716747674520	tunis	0.0880780181023
1008279892518211_1551719191507609	tunis	0.104920050253
1008279892518211_1553783287967866	tunis	0.11178920174
1008279892518211_1553546607991534	tunis	0.121283234274
1008279892518211_1551357598210435	tunis	0.115662177932
1008279892518211_1553701397976055	tunis	0.0852397609412
1008279892518211_1550444068301788	tunis	0.109576441583
1008279892518211_1548694038476791	tunis	0.12742729937
1008279892518211_1549543948391800	tunis	0.0981436926218
1008279892518211_1547531765259685	tunis	0.122520673311
1008279892518211_1546089798737215	tunis	0.305221983302
1008279892518211_1546165342062994	tunis	0.0994192321112
1008279892518211_1547022485310613	tunis	0.0840211680651
1008279892518211_1545658662113662	tunis	0.0839112676995
1008279892518211_1544926455520216	tunis	0.0837456875866
1008279892518211_1542503009095894	tunis	0.129712568094
1008279892518211_1542681982411330	tunis	0.0863621742809
1008279892518211_1544577755555086	tunis	0.0843370527922
1008279892518211_1544240282255500	tunis	0.0872823303478
1008279892518211_1543482242331304	tunis	0.0965100897101
1008279892518211_1542326095780252	tunis	0.0856662797959
1008279892518211_1543242905688571	tunis	0.0911070126554
1008279892518211_1539648732714655	tunis	0.129170736898
1008279892518211_1543333349012860	tunis	0.0905324259391
1008279892518211_1542010169145178	tunis	0.121606086144
1008279892518211_1542597372419791	tunis	0.0871181003499
1008279892518211_1541572745855587	tunis	0.0834736776821
1008279892518211_1540469999299195	tunis	0.0967435669336
1008279892518211_1538422976170564	tunis	0.143782920902
1008279892518211_1537965389549656	tunis	0.083621090864
1008279892518211_1536874969658698	tunis	0.094331373601
1008279892518211_1537501516262710	tunis	0.0860379627951
1008279892518211_1536136549732540	tunis	0.107285911373
1008279892518211_1534104339935761	tunis	0.122902299579
1008279892518211_1534393323240196	tunis	0.10481891315
1008279892518211_1534441806568681	tunis	0.158715857187
1008279892518211_1535689796443882	tunis	0.0827223636469
1008279892518211_1531919843487544	tunis	0.35819913466
1008279892518211_1534268389919356	tunis	0.0870122883484
1008279892518211_1534511673228361	tunis	0.0857155244427
1008279892518211_1531100666902795	tunis	0.120155562095
1008279892518211_1532715063408022	tunis	0.0856911498211
1008279892518211_1531116053567923	tunis	0.0905936840068
1008279892518211_1532143460131849	tunis	0.08526222255
1008279892518211_1531470660199129	tunis	0.0825119500465
1008279892518211_1531335290212666	tunis	0.0821785246542
1008279892518211_1524660547546807	tunis	0.0827674209689
1008279892518211_1527970067215855	tunis	0.0915387935024
1008279892518211_1526102180735977	tunis	0.107537761711
1008279892518211_1527489787263883	tunis	0.0880984855408
1008279892518211_1526556050690590	tunis	0.0907024983051
1008279892518211_1527364700609725	tunis	0.0836403475083
1008279892518211_1525385114141017	tunis	0.136111602948
1008279892518211_1524693944210134	tunis	0.118612281868
1008279892518211_1523457837667078	tunis	0.0934148014195
1008279892518211_1524668220879373	tunis	0.0817942748173
1008279892518211_1524473744232154	tunis	0.0833407596438
1008279892518211_1522257431120452	tunis	0.0990930342021
1008279892518211_1522990274380501	tunis	0.0815746202193
1008279892518211_1522882311057964	tunis	0.112960161025
1008279892518211_1520754807937381	tunis	0.102259243688
1008279892518211_1522171447795717	tunis	0.0843605696836
1008279892518211_1520769807935881	tunis	0.0846772906137
1008279892518211_1521882524491276	tunis	0.0811878549957
1008279892518211_1518675721478623	tunis	0.123832849543
1008279892518211_1521408204538708	tunis	0.0810357484017
1008279892518211_1521405914538937	tunis	0.0811257488016
1008279892518211_1513969305282598	tunis	0.232570021411
1008279892518211_1518644134815115	tunis	0.0928642396521
1008279892518211_1516008648411997	tunis	0.200623047194
1008279892518211_1515024418510420	tunis	0.0845819574449
1008279892518211_1514697971876398	tunis	0.080755828028
1008279892518211_1514420078570854	tunis	0.0811587313077
1008279892518211_1513158048697057	tunis	0.0957663967091
1008279892518211_1511423535537175	tunis	0.13358659525
1008279892518211_1510932025586326	tunis	0.0807282348577
1008279892518211_1510918532254342	tunis	0.0818967193298
1008279892518211_1510692628943599	tunis	0.079900912332
1008279892518211_1510411252305070	tunis	0.0896169429294
1008279892518211_1507566165922912	tunis	0.132756008431
1008279892518211_1509391455740383	tunis	0.0832243701373
1008279892518211_1508421265837402	tunis	0.0991357443291
1008279892518211_1507892075890321	tunis	0.261313485306
1008279892518211_1507715789241283	tunis	0.0824230625625
1008279892518211_1507870732559122	tunis	0.0795542942259
1008279892518211_1506634682682727	tunis	0.0846659780615
1008279892518211_1506159639396898	tunis	0.0804337255974
1008279892518211_1505394072806788	tunis	0.0858746649709
1008279892518211_1505022302843965	tunis	0.0950024389158
1008279892518211_1505431152803080	tunis	0.0806484214115
1008279892518211_1501709829841879	tunis	0.264893399974
1008279892518211_1501626676516861	tunis	0.0892075841718
1008279892518211_1502455189767343	tunis	0.108654468583
1008279892518211_1495658787113650	tunis	0.133933372848
1008279892518211_1497245593621636	tunis	0.0787044090339
1008279892518211_1496930783653117	tunis	0.0829523948082
1008279892518211_1494469283899267	tunis	0.0840366746753
1008279892518211_1496130237066505	tunis	0.0784100204644
1008279892518211_1493597427319786	tunis	0.150811843735
1008279892518211_1491954650817397	tunis	0.0798720970614
1008279892518211_1493454397334089	tunis	0.0805107684699
1008279892518211_1492579630754899	tunis	0.0821752628257
1008279892518211_1492279840784878	tunis	0.0911945149725
1008279892518211_1491722827507246	tunis	0.0827677511399
1008279892518211_1492017727477756	tunis	0.0781346382649
1008279892518211_1491363680876494	tunis	0.0905766407713
1008279892518211_1491056104240585	tunis	0.111873069457
1008279892518211_1489772301035632	tunis	0.115802330061
1008279892518211_1488640347815494	tunis	0.0833012131025
1008279892518211_1488668041146058	tunis	0.0779638104847
1008279892518211_1488575434488652	tunis	0.117050119949
1008279892518211_1488042887875240	tunis	0.0784956434446
1008279892518211_1484383064907889	tunis	0.108503885436
1008279892518211_1488806424465553	tunis	0.0814043848181
1008279892518211_1488707024475493	tunis	0.0778906997991
1008279892518211_1487120204634175	tunis	0.103761123027
1008279892518211_1480660298613499	tunis	0.0908166865821
1008279892518211_1480781111934751	tunis	0.0770586037945
1008279892518211_1479108288768700	tunis	0.0782451532218
1008279892518211_1479608385385357	tunis	0.0890115952037
1008279892518211_1479706008708928	tunis	0.0894279825209
1008279892518211_1477610532251809	tunis	0.209325238717
1008279892518211_1478513518828177	tunis	0.0768524401821
1008279892518211_1477737088905820	tunis	0.0900792992167
1008279892518211_1478391618840367	tunis	0.0788933287441
1008279892518211_1477843435561852	tunis	0.0819632723703
1008279892518211_1477891382223724	tunis	0.0817891645439
1008279892518211_1477840842228778	tunis	0.0823239501085
1008279892518211_1477567565589439	tunis	0.0823806343018
1008279892518211_1477891382223724	tunis	0.0817891645439
1008279892518211_1477840842228778	tunis	0.0823239501085
1008279892518211_1476408965705299	tunis	0.0794075153259
1008279892518211_1474520605894135	tunis	0.0979882351836
1008279892518211_1474983625847833	tunis	0.0763315363043
1008279892518211_1473978182615044	tunis	0.0771311356946
1008279892518211_1473970089282520	tunis	0.082295685629
1008279892518211_1472060366140159	tunis	0.255998017907
1008279892518211_1474240035922192	tunis	0.07624313166
1008279892518211_1472893762723486	tunis	0.0812483827047
1008279892518211_1471578949521634	tunis	0.0853518340587
1008279892518211_1471149436231252	tunis	0.084546764346
1008279892518211_1470040043008858	tunis	0.0759424103481
1008279892518211_1470713049608224	tunis	0.0821884907622
1008279892518211_1470046639674865	tunis	0.0759644879908
1008279892518211_1468388596507336	tunis	0.0761429895955
1008279892518211_1467560049923524	tunis	0.0873677204592
1008279892518211_1467257546620441	tunis	0.0765486139463
1008279892518211_1465223573490505	tunis	0.106925115907
1008279892518211_1464627080216821	tunis	0.0773552920245
1008279892518211_1462046960474833	tunis	0.161606880168
1008279892518211_1461986100480919	tunis	0.0971450154268
1008279892518211_1460894843923378	tunis	0.0818796167465
1008279892518211_1460625280617001	tunis	0.0793786124844
1008279892518211_1461038347242361	tunis	0.0757352793233
1008279892518211_1459669920712537	tunis	0.0762691124261
1008279892518211_1459570984055764	tunis	0.0750454555633
1008279892518211_1459548494058013	tunis	0.0788479140726
1008279892518211_1458727610806768	tunis	0.0800683551924
1008279892518211_1459391397407056	tunis	0.0750842368358
1008279892518211_1458140460865483	tunis	0.0779154404738
1008279892518211_1453088611370668	tunis	0.105997260443
1008279892518211_1454948584518004	tunis	0.0748862787903
1008279892518211_1450196174993245	tunis	0.0914141216392
1008279892518211_1448032701876259	tunis	0.0793900769282
1008279892518211_1448626775150185	tunis	0.0842613333201
1008279892518211_1448033031876226	tunis	0.0781511806516
1008279892518211_1446974411982088	tunis	0.0862381097803
1008279892518211_1445168288829367	tunis	0.0779494058829
1008279892518211_1441799552499574	tunis	0.0906559940328
1008279892518211_1443516158994580	tunis	0.0785684715047
1008279892518211_1437974286215434	tunis	0.0731587959707
1008279892518211_1436195489726647	tunis	0.106892154886
1008279892518211_1435729873106542	tunis	0.142108845484
1008279892518211_1436637239682472	tunis	0.0722305880893
1008279892518211_1435805463098983	tunis	0.0723499481079
1008279892518211_1435259723153557	tunis	0.0730541044471
1008279892518211_1425905714088958	tunis	0.072261217437
1008279892518211_1430852606927602	tunis	0.0729420712094
1008279892518211_1430243933655136	tunis	0.0839128939312
1008279892518211_1429616977051165	tunis	0.0798072039959
1008279892518211_1427829283896601	tunis	0.09230420373
1008279892518211_1427475063932023	tunis	0.0762757571626
1008279892518211_1427898980556298	tunis	0.0750299927131
1008279892518211_1426523730693823	tunis	0.0774667674207
1008279892518211_1424947774184752	tunis	0.0783242893332
1008279892518211_1424744354205094	tunis	0.0785421176537
1008279892518211_1420671041279092	tunis	0.0749919030407
1008279892518211_1422157201130476	tunis	0.075650216313
1008279892518211_1422377591108437	tunis	0.0731385835859
1008279892518211_1421140931232103	tunis	0.124540541488
1008279892518211_1421736717839191	tunis	0.0711719532656
1008279892518211_1420632037949659	tunis	0.200961932958
1008279892518211_1419805644698965	tunis	0.103517618967
1008279892518211_1419067818106081	tunis	0.0722446914806
1008279892518211_1417432691602927	tunis	0.0959867716084
1008279892518211_1417316898281173	tunis	0.0853919336121
1008279892518211_1416567961689400	tunis	0.100980628771
1008279892518211_1417364518276411	tunis	0.0771148903928
1008279892518211_1417365191609677	tunis	0.0750361933379
1008279892518211_1416120665067463	tunis	0.159337155249
1008279892518211_1415130581833138	tunis	0.134569207289
1008279892518211_1414232871922909	tunis	0.108319906631
1008279892518211_1411159945563535	tunis	0.0886056699123
1008279892518211_1412670762079120	tunis	0.0722610034592
1008279892518211_1413030235376506	tunis	0.0696433610009
1008279892518211_1401231293223067	tunis	0.0744955339866
1008279892518211_1401413429871520	tunis	0.0701238737174
1008279892518211_1401079156571614	tunis	0.0689377309703
1008279892518211_1399896353356561	tunis	0.0758762233936
1008279892518211_1399254703420726	tunis	0.160342472072
1008279892518211_1390123397667190	tunis	0.0757665375791
1008279892518211_1399395726739957	tunis	0.0709443014169
1008279892518211_1396151887064341	tunis	0.069488839624
1008279892518211_1396257640387099	tunis	0.0683328977569
1008279892518211_1393818617297668	tunis	0.0956783113507
1008279892518211_1388151761197687	tunis	0.105344007945
1008279892518211_1389680171044846	tunis	0.0681386891032
1008279892518211_1387643407915189	tunis	0.0746843952313
1008279892518211_1387850047894525	tunis	0.0684369776768
1008279892518211_1387167654629431	tunis	0.070884850911
1008279892518211_1384666211546242	tunis	0.0853224571495
1008279892518211_1385671491445714	tunis	0.0796147005159
1008279892518211_1382683081744555	tunis	0.0697099604006
1008279892518211_1382772418402288	tunis	0.0676861818646
1008279892518211_1380724345273762	tunis	0.0763397248445
1008279892518211_1380100402002823	tunis	0.0699694533938
1008279892518211_1380263525319844	tunis	0.0708940893831
1008279892518211_1380381028641427	tunis	0.0722079181957
1008279892518211_1380445255301671	tunis	0.069411781358
1008279892518211_1379111875435009	tunis	0.0719718378931
1008279892518211_1368134816532715	tunis	0.0910823051582
1008279892518211_1367964876549709	tunis	0.0784804873496
1008279892518211_1367974639882066	tunis	0.0691679991654
1008279892518211_1367626829916847	tunis	0.0666635894741
1008279892518211_1367962699883260	tunis	0.066094469752
1008279892518211_1367890933223770	tunis	0.0691103338983
1008279892518211_1366180460061484	tunis	0.0983552823784
1008279892518211_1367760736570123	tunis	0.0778408608932
1008279892518211_1338632736149590	tunis	0.0807549778265
1008279892518211_1339240662755464	tunis	0.0631275118651
1008279892518211_1339189956093868	tunis	0.0666020571399
1008279892518211_1339117946101069	tunis	0.0631450765082
1008279892518211_1338531606159703	tunis	0.0825042266301
1008279892518211_1338240569522140	tunis	0.0686124074749
1008279892518211_1337605966252267	tunis	0.0935800818147
1008279892518211_1338248082854722	tunis	0.0654952040282
1008279892518211_1330319643647566	tunis	0.0650206344702
1008279892518211_1330307703648760	tunis	0.0628854824444
1008279892518211_1330296366983227	tunis	0.0620611890266
1008279892518211_1327131603966370	tunis	0.159794307663
1008279892518211_1329176380428559	tunis	0.0619036026749
1008279892518211_1329046663774864	tunis	0.0623925463107
1008279892518211_1329077367105127	tunis	0.062089786085
1008279892518211_1328991200447077	tunis	0.0618776335077
1008279892518211_1328040277208836	tunis	0.0675156814637
1008279892518211_1327343773945153	tunis	0.064260591715
1008279892518211_1327347053944825	tunis	0.0617465217104
1008279892518211_1326181194061411	tunis	0.0622800696073
1008279892518211_1322132591132938	tunis	0.110970780063
1008279892518211_1324476234231907	tunis	0.0631890646294
1008279892518211_1324357374243793	tunis	0.0613983324766
1008279892518211_1323001497712714	tunis	0.0698492693565
1008279892518211_1320749007937963	tunis	0.0697012481844
1008279892518211_1323458497667014	tunis	0.063041977256
1008279892518211_1320886244590906	tunis	0.0613164605921
1008279892518211_1318494974830033	tunis	0.0724995457964
1008279892518211_1318011038211760	tunis	0.0640674232466
1008279892518211_1314199031926294	tunis	0.0626692219086
1008279892518211_1313540155325515	tunis	0.0658616267494
1008279892518211_1314452008567663	tunis	0.0610214609523
1008279892518211_1314073868605477	tunis	0.0697492087491
1008279892518211_1313011178711746	tunis	0.0600800321559
1008279892518211_1311582218854642	tunis	0.0686696431312
1008279892518211_1311616578851206	tunis	0.0626631093
1008279892518211_1311598238853040	tunis	0.0636502186068
1008279892518211_1311628318850032	tunis	0.0620946272448
1008279892518211_1310503248962539	tunis	0.065182776958
1008279892518211_1309736272372570	tunis	0.0642717865279
1008279892518211_1309410709071793	tunis	0.0670679840091
1008279892518211_1308826635796867	tunis	0.0608614281881
1008279892518211_1308716175807913	tunis	0.0609729192934
1008279892518211_1308099249202939	tunis	0.0820226302178
1008279892518211_1308636695815861	tunis	0.0589159457275
1008279892518211_1306795166000014	tunis	0.0875384792425
1008279892518211_1305807169432147	tunis	0.0915912125629
1008279892518211_1307760452570152	tunis	0.0605134086928
1008279892518211_1307448939267970	tunis	0.059258134012
1008279892518211_1305963922749805	tunis	0.0632045862527
1008279892518211_1305564716123059	tunis	0.0859932100497
1008279892518211_1305573746122156	tunis	0.0658368026804
1008279892518211_1304749169537947	tunis	0.154681926086
1008279892518211_1305451462801051	tunis	0.0597464625137
1008279892518211_1303833282962869	tunis	0.0815638367004
1008279892518211_1304571279555736	tunis	0.065368804856
1008279892518211_1304421382904059	tunis	0.0600223849482
1008279892518211_1301846406494890	tunis	0.0606406322801
1008279892518211_1301624906517040	tunis	0.0593518411202
1008279892518211_1301636866515844	tunis	0.0599995299272
1008279892518211_1300229623323235	tunis	0.0774194937356
1008279892518211_1301210056558525	tunis	0.0586287329805
1008279892518211_1300468356632695	tunis	0.0748901286636
1008279892518211_1298973636782167	tunis	0.0588021206975
1008279892518211_1300266906652840	tunis	0.0576164803317
1008279892518211_1300139976665533	tunis	0.0609730556632
1008279892518211_1299028576776673	tunis	0.0688148802501
1008279892518211_1299457526733778	tunis	0.0598507006519
1008279892518211_1299201236759407	tunis	0.057737441479
1008279892518211_1298993750113489	tunis	0.0575368116098
1008279892518211_1298782126801318	tunis	0.0586052761279
1008279892518211_1298715630141301	tunis	0.0638884212698
1008279892518211_1297833603562837	tunis	0.0673542152146
1008279892518211_1297318523614345	tunis	0.0671329740607
1008279892518211_1296765603669637	tunis	0.0675944729833
1008279892518211_1293793267300204	tunis	0.164347774815
1008279892518211_1294499260562938	tunis	0.101839055434
1008279892518211_1295553917124139	tunis	0.0604812040037
1008279892518211_1293902763955921	tunis	0.161238694894
1008279892518211_1293405420672322	tunis	0.132033340086
1008279892518211_1294549307224600	tunis	0.0590272799058
1008279892518211_1294006867278844	tunis	0.0615937382756
1008279892518211_1293778223968375	tunis	0.0579999197558
1008279892518211_1293883980624466	tunis	0.0570047041365
1008279892518211_1293128977366633	tunis	0.0651823776416
1008279892518211_1291268350886029	tunis	0.165343410052
1008279892518211_1292153944130803	tunis	0.0623429285368
1008279892518211_1292170257462505	tunis	0.0616503501505
1008279892518211_1290670267612504	tunis	0.0683865251347
1008279892518211_1291073667572164	tunis	0.0565438658388
1008279892518211_1290883707591160	tunis	0.073116530299
1008279892518211_1290618047617726	tunis	0.0720098596823
1008279892518211_1290682870944577	tunis	0.059882345588
1008279892518211_1290646307614900	tunis	0.0568337631056
1008279892518211_1290135227666008	tunis	0.0634335507654
1008279892518211_1288642057815325	tunis	0.070732088162
1008279892518211_1287139087965622	tunis	0.0585372628644
1008279892518211_1287658234580374	tunis	0.0569783695159
1008279892518211_1277974115548786	tunis	0.0564473126269
1008279892518211_1278743538805177	tunis	0.0728943520404
1008279892518211_1278824275463770	tunis	0.060225186957
1008279892518211_1278685862144278	tunis	0.0916629427828
1008279892518211_1278685985477599	tunis	0.0547987882251
1008279892518211_1277997172213147	tunis	0.0604391496582
1008279892518211_1277904372222427	tunis	0.0575478215735
1008279892518211_1277886752224189	tunis	0.0564933743876
1008279892518211_1277835638895967	tunis	0.0547712488501
1008279892518211_1277117468967784	tunis	0.0575427687285
1008279892518211_1275948062418058	tunis	0.0786165941173
1008279892518211_1275923159087215	tunis	0.085717144311
1008279892518211_1276373355708862	tunis	0.0546299286258
1008279892518211_1276338765712321	tunis	0.0640306707386
1008279892518211_1275920382420826	tunis	0.0623937666236
1008279892518211_1276373355708862	tunis	0.0546299286258
1008279892518211_1276338765712321	tunis	0.0640306707386
1008279892518211_1273316959347835	tunis	0.0644260904881
1008279892518211_1272525809426950	tunis	0.0589822919044
1008279892518211_1267257279953803	tunis	0.149707796679
1008279892518211_1270541186292079	tunis	0.0643221753947
1008279892518211_1270996279579903	tunis	0.0563090636735
1008279892518211_1271561496190048	tunis	0.0595234046916
1008279892518211_1271380369541494	tunis	0.0536774061247
1008279892518211_1271315286214669	tunis	0.0541441941654
1008279892518211_1264218950257636	tunis	0.0799120166152
1008279892518211_1264159716930226	tunis	0.0529627749599
1008279892518211_1262519303760934	tunis	0.0602879432303
1008279892518211_1260302180649313	tunis	0.0569208345817
1008279892518211_1259498324063032	tunis	0.0985439413346
1008279892518211_1258490157497182	tunis	0.0594271732645
1008279892518211_1257400034272861	tunis	0.0541523133462
1008279892518211_1256502547695943	tunis	0.0550375971694
1008279892518211_1256347527711445	tunis	0.0523636148568
1008279892518211_1256297881049743	tunis	0.0616659889113
1008279892518211_1255615944451270	tunis	0.0553704942163
1008279892518211_1255884007757797	tunis	0.0578566549448
1008279892518211_1255774574435407	tunis	0.0542648792691
1008279892518211_1248025355210329	tunis	0.0562041134621
1008279892518211_1247150068631191	tunis	0.0548718619971
1008279892518211_1248318045181060	tunis	0.0504833420961
1008279892518211_1237766216236243	tunis	0.151934456941
1008279892518211_1237702402909291	tunis	0.0535225091119
1008279892518211_1237654049580793	tunis	0.0537808148863
1008279892518211_1234319666580898	tunis	0.126879457564
1008279892518211_1236213583058173	tunis	0.0522438582993
1008279892518211_1234234729922725	tunis	0.0888835541579
1008279892518211_1234666799879518	tunis	0.0500972065963
1008279892518211_1235632313116300	tunis	0.0699306847151
1008279892518211_1235560199790178	tunis	0.0482466082345
1008279892518211_1235099233169608	tunis	0.0509487296055
1008279892518211_1233285726684292	tunis	0.153182132333
1008279892518211_1234204323259099	tunis	0.066477627253
1008279892518211_1233234573356074	tunis	0.0479670661901
1008279892518211_1233576213321910	tunis	0.0498825239351
1008279892518211_1229774950368703	tunis	0.157227632813
1008279892518211_1233048606708004	tunis	0.0563039497706
1008279892518211_1232412813438250	tunis	0.136441530278
1008279892518211_1232611673418364	tunis	0.0640373866825
1008279892518211_1231334880212710	tunis	0.0516680978215
1008279892518211_1229796107033254	tunis	0.0517020504165
1008279892518211_1228772490468949	tunis	0.0843291744193
1008279892518211_1226894223990109	tunis	0.0665118632156
1008279892518211_1226224644057067	tunis	0.0576634949029
1008279892518211_1226487250697473	tunis	0.0470712090611
1008279892518211_1223764674303064	tunis	0.0632581321186
1008279892518211_1224792974200234	tunis	0.0703473770478
1008279892518211_1223738040972394	tunis	0.142905797199
1008279892518211_1225205837492281	tunis	0.0588385399185
1008279892518211_1223951970951001	tunis	0.0963638630865
1008279892518211_1223542077658657	tunis	0.0500863789447
1008279892518211_1224143614265170	tunis	0.0497530408025
1008279892518211_1223912610954937	tunis	0.0468100519611
1008279892518211_1224030927609772	tunis	0.0486095989175
1008279892518211_1223670427645822	tunis	0.0464481721901
1008279892518211_1222653794414152	tunis	0.0655861686248
1008279892518211_1222472071098991	tunis	0.0494965588435
1008279892518211_1222468477766017	tunis	0.0461698407766
1008279892518211_1220024874677044	tunis	0.153276503688
1008279892518211_1220248374654694	tunis	0.0599238555574
1008279892518211_1220362764643255	tunis	0.0790832051326
1008279892518211_1220586841287514	tunis	0.0689542336695
1008279892518211_1220092301336968	tunis	0.0661101442199
1008279892518211_1220008201345378	tunis	0.0513364270196
1008279892518211_1219171011429097	tunis	0.183935061667
1008279892518211_1219008811445317	tunis	0.0611671329812
1008279892518211_1219243961421802	tunis	0.0556997046967
1008279892518211_1217862421559956	tunis	0.0630338060466
1008279892518211_1217595164920015	tunis	0.0546253597105
1008279892518211_1217701131576085	tunis	0.0453774611052
1008279892518211_1216397755039756	tunis	0.0864112468439
1008279892518211_1216260658386799	tunis	0.082425202915
1008279892518211_1216363198376545	tunis	0.0479335157049
1008279892518211_1215493181796880	tunis	0.0493747345051
1008279892518211_1213088368704028	tunis	0.084403881067
1008279892518211_1209715375707994	tunis	0.075747763724
1008279892518211_1209699615709570	tunis	0.0439523887746
1008279892518211_1208619852484213	tunis	0.0965127229663
1008279892518211_1207141502632048	tunis	0.0433292475158
1008279892518211_1207121469300718	tunis	0.0433271720351
1008279892518211_1206948289318036	tunis	0.0466536441931
1008279892518211_1207007789312086	tunis	0.0461611486879
1008279892518211_1205393302806868	tunis	0.133118070307
1008279892518211_1206683176011214	tunis	0.0470843813771
1008279892518211_1203695279643337	tunis	0.0431539148889
1008279892518211_1204068596272672	tunis	0.0427217987895
1008279892518211_1204055856273946	tunis	0.0428551993019
1008279892518211_1203367416342790	tunis	0.0495431840525
1008279892518211_1200805636598968	tunis	0.0434300446495
1008279892518211_1199856776693854	tunis	0.0613873591515
1008279892518211_1199909346688597	tunis	0.0420582657012
1008279892518211_1198681266811405	tunis	0.0431175378302
1008279892518211_1198849620127903	tunis	0.0451579086346
1008279892518211_1198300496849482	tunis	0.0485061900475
1008279892518211_1194543580558507	tunis	0.0419025213365
1008279892518211_1193765000636365	tunis	0.0469928179832
1008279892518211_1191886277490904	tunis	0.0636161463498
1008279892518211_1192722794073919	tunis	0.0417229848684
1008279892518211_1190243950988470	tunis	0.0434428852307
1008279892518211_1191865980826267	tunis	0.0415864722802
1008279892518211_1190797427599789	tunis	0.0456145981451
1008279892518211_1190457420967123	tunis	0.0701651006605
1008279892518211_1191331360879729	tunis	0.0412068008598
1008279892518211_1190194057660126	tunis	0.0642397956286
1008279892518211_1190469197632612	tunis	0.0417015297731
1008279892518211_1190335377645994	tunis	0.0653234664383
1008279892518211_1189638104382388	tunis	0.0568003633062
1008279892518211_1190501607629371	tunis	0.0404097174057
1008279892518211_1190289640983901	tunis	0.0524679713245
1008279892518211_1189456497733882	tunis	0.0449435972883
1008279892518211_1188397837839748	tunis	0.057551124805
1008279892518211_1188423134503885	tunis	0.0440686797797
1008279892518211_1188108164535382	tunis	0.0749654231396
1008279892518211_1187847937894738	tunis	0.0428727534484
1008279892518211_1187420861270779	tunis	0.0422751107835
1008279892518211_1187120227967509	tunis	0.0471568466169
1008279892518211_1187277004618498	tunis	0.0441521588701
1008279892518211_1186634368016095	tunis	0.0443435944867
1008279892518211_1185374074808791	tunis	0.0465287542203
1008279892518211_1185638288115703	tunis	0.0390253705136
1008279892518211_1185621678117364	tunis	0.0391126668015
1008279892518211_1183934331619432	tunis	0.0419849206107
1008279892518211_1182043368475195	tunis	0.048283635636
1008279892518211_1182627415083457	tunis	0.0399127254479
1008279892518211_1182466595099539	tunis	0.0561950791338
1008279892518211_1181911258488406	tunis	0.0466930580745
1008279892518211_1181739298505602	tunis	0.0382974259215
1008279892518211_1179360035410195	tunis	0.0714661308569
1008279892518211_1179970228682509	tunis	0.0388312760212
1008279892518211_1179129245433274	tunis	0.0614618605989
1008279892518211_1176929005653298	tunis	0.0556585829018
1008279892518211_1176976715648527	tunis	0.037955465383
1008279892518211_1176932955652903	tunis	0.0376065171265
1008279892518211_1174155202597345	tunis	0.0371365089787
1008279892518211_1173627815983417	tunis	0.0390018567013
1008279892518211_1171480849531447	tunis	0.0702890983552
1008279892518211_1173156179363914	tunis	0.049952170286
1008279892518211_1172287899450742	tunis	0.0369854405595
1008279892518211_1171644952848370	tunis	0.0474322342624
1008279892518211_1171728122840053	tunis	0.0384693197164
1008279892518211_1171188222894043	tunis	0.0413712180804
1008279892518211_1169750653037800	tunis	0.0392854566506
1008279892518211_1169138503099015	tunis	0.0389173782262
1008279892518211_1169509776395221	tunis	0.0365132648649
1008279892518211_1168288299850702	tunis	0.0356788816831
1008279892518211_1167105063302359	tunis	0.0363383633168
1008279892518211_1167205713292294	tunis	0.0426382624657
1008279892518211_1166463953366470	tunis	0.0476968157958
1008279892518211_1164940666852132	tunis	0.0431492831059
1008279892518211_1164834096862789	tunis	0.0353443358493
1008279892518211_1161855113827354	tunis	0.036167141926
1008279892518211_1161852200494312	tunis	0.0348677318167
1008279892518211_1159505460728986	tunis	0.0377153012689
1008279892518211_1159387550740777	tunis	0.0362535362771
1008279892518211_1158662930813239	tunis	0.0401677202077
1008279892518211_1158572310822301	tunis	0.034658628449
1008279892518211_1157724720907060	tunis	0.0349403538016
1008279892518211_1155238494489016	tunis	0.0562709033386
1008279892518211_1155963861083146	tunis	0.0349110788951
1008279892518211_1154403857905813	tunis	0.0430777835822
1008279892518211_1154775137868685	tunis	0.0353189895509
1008279892518211_1154891734523692	tunis	0.0350428208532
1008279892518211_1155490244463841	tunis	0.038396231349
1008279892518211_1154879367858262	tunis	0.0365359738374
1008279892518211_1153662554646610	tunis	0.0342629514033
1008279892518211_1154526304560235	tunis	0.0358823269682
1008279892518211_1153620047984194	tunis	0.0383569325699
1008279892518211_1149658311713701	tunis	0.0917784905632
1008279892518211_1151353711544161	tunis	0.0334879034638
1008279892518211_1150528381626694	tunis	0.0471396285166
1008279892518211_1150403081639224	tunis	0.0334304634823
1008279892518211_1149609915051874	tunis	0.0341716175422
1008279892518211_1144019638944235	tunis	0.187999960869
1008279892518211_1147600555252810	tunis	0.0366800006128
1008279892518211_1146350752044457	tunis	0.105715465313
1008279892518211_1147470468599152	tunis	0.0349190592344
1008279892518211_1145016782177854	tunis	0.0366104357501
1008279892518211_1145182612161271	tunis	0.0345991832333
1008279892518211_1145168465496019	tunis	0.0343040453677
1008279892518211_1144409152238617	tunis	0.040488770297
1008279892518211_1145039475508918	tunis	0.0329901904032
1008279892518211_1144119445600921	tunis	0.0554581635124
1008279892518211_1144442138901985	tunis	0.0346721934609
1008279892518211_1144399368906262	tunis	0.032354844184
1008279892518211_1140936849252514	tunis	0.0320880777873
1008279892518211_1141032915909574	tunis	0.0349644465855
1008279892518211_1140404142639118	tunis	0.0314189710328
1008279892518211_1139546522724880	tunis	0.0818044143119
1008279892518211_1128562743823258	tunis	0.0830563874919
1008279892518211_1139774756035390	tunis	0.0317069698373
1008279892518211_1137221399624059	tunis	0.0307755666731
1008279892518211_1137191426293723	tunis	0.0313991457247
1008279892518211_1137095996303266	tunis	0.0307341340039
1008279892518211_1136737176339148	tunis	0.0322991201817
1008279892518211_1136277716385094	tunis	0.0315930499482
1008279892518211_1136346279711571	tunis	0.0313459086769
1008279892518211_1135727113106821	tunis	0.0302913443204
1008279892518211_1135185656494300	tunis	0.0302671661978
1008279892518211_1133795413299991	tunis	0.0355965776371
1008279892518211_1134004133279119	tunis	0.0299111821127
1008279892518211_1131902316822634	tunis	0.0294369946424
1008279892518211_1129419520404247	tunis	0.0327749545541
1008279892518211_1129976533681879	tunis	0.0293097466161
1008279892518211_1131599610186238	tunis	0.0294739405973
1008279892518211_1130677183611814	tunis	0.0292082829849
1008279892518211_1129474880398711	tunis	0.0312149043346
1008279892518211_1129444633735069	tunis	0.0498154067567
1008279892518211_1129396317073234	tunis	0.0354745290502
1008279892518211_1129379387074927	tunis	0.0316424659408
1008279892518211_1126114190734780	tunis	0.0281945189984
1008279892518211_1126068917405974	tunis	0.0283599002033
1008279892518211_1126068510739348	tunis	0.0282695420111
1008279892518211_1124419464237586	tunis	0.027804943332
1008279892518211_1123140771032122	tunis	0.0280092911048
1008279892518211_1122818471064352	tunis	0.03907219424
1008279892518211_1123119624367570	tunis	0.0274125684868
1008279892518211_1122674471078752	tunis	0.029099045455
1008279892518211_1122882237724642	tunis	0.0277835779074
1008279892518211_1122835124396020	tunis	0.0297541716131
1008279892518211_1122031527809713	tunis	0.0278041772602
1008279892518211_1121173981228801	tunis	0.0277844045468
1008279892518211_1119888738023992	tunis	0.048748525721
1008279892518211_1120885814590951	tunis	0.0270858170107
1008279892518211_1119916744687858	tunis	0.0279184774906
1008279892518211_1119831554696377	tunis	0.0306493700943
1008279892518211_1119662511379948	tunis	0.0267008645748
1008279892518211_1119122861433913	tunis	0.0264709730696
1008279892518211_1118427594836773	tunis	0.0325630684725
1008279892518211_1118619971484202	tunis	0.026344494188
1008279892518211_1118620098150856	tunis	0.0263896347965
1008279892518211_1118003808212485	tunis	0.0295641741207
1008279892518211_1118056308207235	tunis	0.0286194659802
1008279892518211_1117618538251012	tunis	0.0268601381199
1008279892518211_1116024038410462	tunis	0.028704802404
1008279892518211_1116388885040644	tunis	0.0260436052978
1008279892518211_1116089675070565	tunis	0.0257384937367
1008279892518211_1115525651793634	tunis	0.0268991574395
1008279892518211_1115905431755656	tunis	0.0257964068628
1008279892518211_1115279351818264	tunis	0.0268302947758
1008279892518211_1114622161883983	tunis	0.0256538428952
1008279892518211_1113996428613223	tunis	0.0314038190936
1008279892518211_1113588431987356	tunis	0.0289718003247
1008279892518211_1113262622019937	tunis	0.025161048908
1008279892518211_1110845585594974	tunis	0.025882857857
1008279892518211_1110696595609873	tunis	0.0263936033304
1008279892518211_1110683332277866	tunis	0.0247465638866
1008279892518211_1110254742320725	tunis	0.0322047932877
1008279892518211_1110509748961891	tunis	0.0259520306866
1008279892518211_1110539198958946	tunis	0.0254037039355
1008279892518211_1110299042316295	tunis	0.0248385665966
1008279892518211_1109582129054653	tunis	0.0293201326062
1008279892518211_1091976380815228	tunis	0.0213398878223
1008279892518211_1092082797471253	tunis	0.0204142715826
1008279892518211_1090597717619761	tunis	0.0244016055428
1008279892518211_1091079690904897	tunis	0.0204097485283
1008279892518211_1087880251224841	tunis	0.0197539056651
1008279892518211_1087877364558463	tunis	0.019753362562
1008279892518211_1087574047922128	tunis	0.0223647179455
1008279892518211_1087409714605228	tunis	0.0202977201902
1008279892518211_1086635824682617	tunis	0.0227221091425
1008279892518211_1086935834652616	tunis	0.0225205671494
1008279892518211_1084945518184981	tunis	0.0217279212811
1008279892518211_1085014771511389	tunis	0.0191288793882
1008279892518211_1084690681543798	tunis	0.0201701900408
1008279892518211_1084622384883961	tunis	0.0193486517481
1008279892518211_1084485584897641	tunis	0.0196248763445
1008279892518211_1083889374957262	tunis	0.0209449363092
1008279892518211_1081445048535028	tunis	0.0185955640225
1008279892518211_1080870731925793	tunis	0.0326663366738
1008279892518211_1081338975212302	tunis	0.021668347468
1008279892518211_1080948751917991	tunis	0.0621640972344
1008279892518211_1081028355243364	tunis	0.0183538757946
1008279892518211_1080386941974172	tunis	0.0403523154487
1008279892518211_1079878095358390	tunis	0.021996748671
1008279892518211_1078448668834666	tunis	0.032111333304
1008279892518211_1078955955450604	tunis	0.0172423370617
1008279892518211_1078608072152059	tunis	0.0174281387766
1008279892518211_1070814319598101	tunis	0.0284714148238
1008279892518211_1070658616280338	tunis	0.0148398124467
1008279892518211_1070072423005624	tunis	0.0167334024094
1008279892518211_1069470683065798	tunis	0.0215205741425
1008279892518211_1069838726362327	tunis	0.0295005514177
1008279892518211_1068836536462546	tunis	0.015999021329
1008279892518211_1068334046512795	tunis	0.0143707811104
1008279892518211_1067726696573530	tunis	0.0140943206783
1008279892518211_1067255426620657	tunis	0.0215241014421
1008279892518211_1067336369945896	tunis	0.0139554954939
1008279892518211_1067120813300785	tunis	0.0158114622032
1008279892518211_1066898039989729	tunis	0.0167391199623
1008279892518211_1065951966751003	tunis	0.0229143012032
1008279892518211_1066292133383653	tunis	0.0223428791972
1008279892518211_1063709186975281	tunis	0.0130820441118
1008279892518211_1063679603644906	tunis	0.0134285299356
1008279892518211_1063632636982936	tunis	0.0136143358074
1008279892518211_1062380223774844	tunis	0.028446165091
1008279892518211_1062313587114841	tunis	0.0139025823234
1008279892518211_1062392347106965	tunis	0.0125275587416
1008279892518211_1062288970450636	tunis	0.0130976588209
1008279892518211_1062337940445739	tunis	0.0126052074655
1008279892518211_1061593927186807	tunis	0.0146014552778
1008279892518211_1061489970530536	tunis	0.0147511851501
1008279892518211_1061818487164351	tunis	0.0125838948613
1008279892518211_1061158967230303	tunis	0.0124476091224
1008279892518211_1061065047239695	tunis	0.0121859058676
1008279892518211_1061056703907196	tunis	0.01269494165
1008279892518211_1061028817243318	tunis	0.0123064643432
1008279892518211_1060270287319171	tunis	0.0125106042583
1008279892518211_1060317260647807	tunis	0.0123743556312
1008279892518211_1060189950660538	tunis	0.0120303310005
1008279892518211_1059823247363875	tunis	0.0144176901046
1008279892518211_1059032584109608	tunis	0.0276985230123
1008279892518211_1058842314128635	tunis	0.0136057071909
1008279892518211_1050877891591744	tunis	0.017602943461
1008279892518211_1057753010904232	tunis	0.0120397660849
1008279892518211_1057307097615490	tunis	0.0125086885253
1008279892518211_1057987334214133	tunis	0.0124474360012
1008279892518211_1057249464287920	tunis	0.0153458949764
1008279892518211_1057948080884725	tunis	0.0115464567104
1008279892518211_1056589871020546	tunis	0.0177065957482
1008279892518211_1056644994348367	tunis	0.011519145807
1008279892518211_1056183817727818	tunis	0.0125380068023
1008279892518211_1056260634386803	tunis	0.010974908494
1008279892518211_1055670711112462	tunis	0.0109738903014
1008279892518211_1055832261096307	tunis	0.0114941111285
1008279892518211_1055412091138324	tunis	0.0190982234488
1008279892518211_1055781041101429	tunis	0.0108490596691
1008279892518211_1054840277862172	tunis	0.0118849724606
1008279892518211_1055277761151757	tunis	0.0107287373817
1008279892518211_1055213244491542	tunis	0.0107225337471
1008279892518211_1054838847862315	tunis	0.025455476466
1008279892518211_1055056881173845	tunis	0.0106835529125
1008279892518211_1054605017885698	tunis	0.0116691430884
1008279892518211_1054604374552429	tunis	0.0140489796328
1008279892518211_1054603801219153	tunis	0.0164756034578
1008279892518211_1054247034588163	tunis	0.01273988409
1008279892518211_1054850761194457	tunis	0.0112036385975
1008279892518211_1054566401222893	tunis	0.0115655031346
1008279892518211_1054344707911729	tunis	0.0299524214315
1008279892518211_1054641274548739	tunis	0.0105479635393
1008279892518211_1054478151231718	tunis	0.0105410460742
1008279892518211_1052708501408683	tunis	0.0500564347688
1008279892518211_1053354034677463	tunis	0.0191767565889
1008279892518211_1053847827961417	tunis	0.0120099071328
1008279892518211_1052863484726518	tunis	0.0119077195793
1008279892518211_1052227011456832	tunis	0.0167947164787
1008279892518211_1052975564715310	tunis	0.0154565002328
1008279892518211_1053437608002439	tunis	0.0102937912779
1008279892518211_1053428381336695	tunis	0.0103353553884
1008279892518211_1053395414673325	tunis	0.0103289336572
1008279892518211_1052237094789157	tunis	0.0674273136359
1008279892518211_1051072121572321	tunis	0.0281564286374
1008279892518211_1051808211498712	tunis	0.0100041964774
1008279892518211_1051788621500671	tunis	0.00995495052252
1008279892518211_1049546041724929	tunis	0.0146017562616
1008279892518211_1048815425131324	tunis	0.00949474250146
1008279892518211_1048420598504140	tunis	0.00952692626764
1008279892518211_1048369371842596	tunis	0.00938175994631
1008279892518211_1047342221945311	tunis	0.00919995044644
1008279892518211_1046579382021595	tunis	0.0108321490029
1008279892518211_1046732588672941	tunis	0.0126602060023
1008279892518211_1044992565513610	tunis	0.0171517842957
1008279892518211_1045624902117043	tunis	0.00899991736102
1008279892518211_1045483265464540	tunis	0.00994472652094
1008279892518211_1045477375465129	tunis	0.0101188902379
1008279892518211_1045275358818664	tunis	0.00858905252808
1008279892518211_1044745772204956	tunis	0.0169154876059
1008279892518211_1045177998828400	tunis	0.0103108613154
1008279892518211_1045089562170577	tunis	0.0172088186223
1008279892518211_1044951532184380	tunis	0.00979857148574
1008279892518211_1045089188837281	tunis	0.00854650374826
1008279892518211_1045041925508674	tunis	0.00910828640525
1008279892518211_1045041015508765	tunis	0.00854149893182
1008279892518211_1044408415572025	tunis	0.0507889653472
1008279892518211_1045025435510323	tunis	0.00858233320293
1008279892518211_1044652815547585	tunis	0.0180641215563
1008279892518211_1044968882182645	tunis	0.00843398808905
1008279892518211_1044880682191465	tunis	0.00911288467041
1008279892518211_1044658838880316	tunis	0.00835765858009
1008279892518211_1043634338982766	tunis	0.00995360610274
1008279892518211_1042971065715760	tunis	0.0161363151165
1008279892518211_1042930452386488	tunis	0.00864160924437
1008279892518211_1042375245775342	tunis	0.00809291669509
1008279892518211_1041451185867748	tunis	0.00779698613088
1008279892518211_1041332022546331	tunis	0.00782198915978
1008279892518211_1041326129213587	tunis	0.00822630744735
1008279892518211_1041197189226481	tunis	0.00760844853499
1008279892518211_1041117219234478	tunis	0.00790740701026
1008279892518211_1040237052655828	tunis	0.0078647221078
1008279892518211_1040209695991897	tunis	0.00743145854078
1008279892518211_1040127772666756	tunis	0.00852642992109
1008279892518211_1040130089333191	tunis	0.00737057792002
1008279892518211_1040092279336972	tunis	0.00740795400694
1008279892518211_1039156719430528	tunis	0.0196190983019
1008279892518211_1039919706020896	tunis	0.00792075332183
1008279892518211_1039873442692189	tunis	0.00759101703953
1008279892518211_1039660089380191	tunis	0.00757548689968
1008279892518211_1039498169396383	tunis	0.00746836381456
1008279892518211_1039223869423813	tunis	0.0075174649987
1008279892518211_1038970492782484	tunis	0.00709398020365
1008279892518211_1038036559542544	tunis	0.00892146682095
1008279892518211_1037005879645612	tunis	0.00798660293196
1008279892518211_1036953059650894	tunis	0.0066952932776
1008279892518211_1036729879673212	tunis	0.00707886563968
1008279892518211_1036187173060816	tunis	0.00772033684878
1008279892518211_1036484103031123	tunis	0.00702624632693
1008279892518211_1036408409705359	tunis	0.00796310383401
1008279892518211_1036267403052793	tunis	0.0074439984827
1008279892518211_1036265549719645	tunis	0.00649570644366
1008279892518211_1035583996454467	tunis	0.00658875883752
1008279892518211_1035254989820701	tunis	0.00844497280305
1008279892518211_1034742959871904	tunis	0.00616137806103
1008279892518211_1034561496556717	tunis	0.00625689534884
1008279892518211_1034529356559931	tunis	0.00620419833709
1008279892518211_1033400283339505	tunis	0.00677405809498
1008279892518211_1033445806668286	tunis	0.0060556809597
1008279892518211_1031558143523719	tunis	0.0107914563988
1008279892518211_1031174456895421	tunis	0.0685037039791
1008279892518211_1029794937033373	tunis	0.0116514733132
1008279892518211_1029964853683048	tunis	0.00522657740815
1008279892518211_1028777390468461	tunis	0.00704850040236
1008279892518211_1028757187137148	tunis	0.00508447865037
1008279892518211_1028410717171795	tunis	0.00514253845138
1008279892518211_1028222797190587	tunis	0.00494527126193
1008279892518211_1027398483939685	tunis	0.0101711684373
1008279892518211_1025764117436455	tunis	0.0054275121177
1008279892518211_1025333117479555	tunis	0.00476601875472
1008279892518211_1021638707848996	tunis	0.0055413707325
1008279892518211_1024286120917588	tunis	0.00619271341799
1008279892518211_1020597907953076	tunis	0.00550682659639
1008279892518211_1012386985440835	tunis	0.000826691331816
1008279892518211_1693810583965135	zaghouan	0.122102319838
1008279892518211_1669892093023651	zaghouan	0.188636439178
1008279892518211_1536689903010538	zaghouan	0.103647114801
1008279892518211_1519487391397456	zaghouan	0.17733374399
1008279892518211_1496819906997538	zaghouan	0.0803063537894
1008279892518211_1468201519859377	zaghouan	0.0997098718134
1008279892518211_1438432922836237	zaghouan	0.0742323722135
1008279892518211_1419477581398438	zaghouan	0.0701332240513
1008279892518211_1413410322005164	zaghouan	0.0694539584068
1008279892518211_1272033272809537	zaghouan	0.0538062473346
1008279892518211_1271678486178349	zaghouan	0.0540943178251
1008279892518211_1211073182238880	zaghouan	0.0442923574359
1008279892518211_1203137276365804	zaghouan	0.0444307705076
1008279892518211_1173847432628122	zaghouan	0.0366927311976
1008279892518211_1084973271515539	zaghouan	0.019693619117
1008279892518211_1056601601019373	zaghouan	0.0124051406113
1008279892518211_1047917845221082	zaghouan	0.0121792838472
