post_publishe	post_id
2017-09-10T14	1008279892518211_1708661635813363
2017-09-10T20	1008279892518211_1708956122450581
2017-09-09T16	1008279892518211_1707703319242528
2017-09-10T15	1008279892518211_1708698959142964
2017-09-09T08	1008279892518211_1707358425943684
2017-09-09T22	1008279892518211_1707987425880784
2017-09-09T20	1008279892518211_1707907745888752
2017-09-10T11	1008279892518211_1708476759165184
2017-09-10T08	1008279892518211_1708372042508989
2017-09-10T09	1008279892518211_1708421879170672
2017-09-10T02	1008279892518211_1708181065861420
2017-09-09T16	1008279892518211_1707708025908724
2017-09-08T18	1008279892518211_1706822215997305
2017-09-09T18	1008279892518211_1707785789234281
2017-09-09T15	1008279892518211_1707664435913083
2017-09-09T15	1008279892518211_1707654965914030
2017-09-07T12	1008279892518211_1705463736133153
2017-09-09T10	1008279892518211_1707424982603695
2017-09-09T09	1008279892518211_1707404929272367
2017-09-07T22	1008279892518211_1705967586082768
2017-09-06T16	1008279892518211_1704651529547707
2017-09-06T20	1008279892518211_1704836032862590
2017-09-07T09	1008279892518211_1705356502810543
2017-09-07T11	1008279892518211_1705447179468142
2017-09-06T17	1008279892518211_1704694906210036
2017-09-06T11	1008279892518211_1704384009574459
2017-09-06T10	1008279892518211_1704347249578135
2017-09-05T13	1008279892518211_1703402699672590
2017-09-06T08	1008279892518211_1704272606252266
2017-09-06T06	1008279892518211_1704205272925666
2017-09-04T10	1008279892518211_1701980066481520
2017-09-03T09	1008279892518211_1700568649955995
2017-09-02T11	1008279892518211_1699105576768969
2017-09-02T22	1008279892518211_1699952476684279
2017-09-02T19	1008279892518211_1699723756707151
2017-09-02T17	1008279892518211_1699592480053612
2017-09-02T15	1008279892518211_1699407143405479
2017-09-01T12	1008279892518211_1697576040255256
2017-09-02T13	1008279892518211_1699247023421491
2017-09-02T12	1008279892518211_1699161460096714
2017-08-30T13	1008279892518211_1693083804037813
2017-09-02T10	1008279892518211_1699072353438958
2017-08-31T10	1008279892518211_1695522277127299
2017-08-31T14	1008279892518211_1695881717091355
2017-09-01T10	1008279892518211_1697441826935344
2017-08-31T13	1008279892518211_1695852243760969
2017-08-30T18	1008279892518211_1693810583965135
2017-08-31T13	1008279892518211_1695811673765026
2017-08-31T23	1008279892518211_1696672193678974
2017-08-31T15	1008279892518211_1695978957081631
2017-08-30T08	1008279892518211_1692328800779980
2017-08-30T19	1008279892518211_1693964097283117
2017-08-29T00	1008279892518211_1688888251124035
2017-08-27T20	1008279892518211_1685012618178265
2017-08-29T22	1008279892518211_1691167910896069
2017-08-29T14	1008279892518211_1690240824322111
2017-08-28T22	1008279892518211_1688566134489580
2017-08-28T14	1008279892518211_1687302731282587
2017-08-28T19	1008279892518211_1688238057855721
2017-08-28T13	1008279892518211_1687120407967486
2017-08-28T06	1008279892518211_1686420221370838
2017-08-28T12	1008279892518211_1686961201316740
2017-08-28T10	1008279892518211_1686764138003113
2017-08-27T10	1008279892518211_1683732684972925
2017-08-26T19	1008279892518211_1681583425187851
2017-08-27T17	1008279892518211_1684720121540848
2017-08-24T22	1008279892518211_1676164895729704
2017-08-27T15	1008279892518211_1684416134904580
2017-08-27T11	1008279892518211_1683867941626066
2017-08-24T13	1008279892518211_1674984565847737
2017-08-27T10	1008279892518211_1683666644979529
2017-08-26T12	1008279892518211_1680754871937373
2017-08-27T08	1008279892518211_1683352008344326
2017-08-21T19	1008279892518211_1668894513123409
2017-08-25T06	1008279892518211_1676973975648796
2017-08-24T11	1008279892518211_1674651185881075
2017-08-23T17	1008279892518211_1672607546085439
2017-08-24T12	1008279892518211_1674819042530956
2017-08-24T16	1008279892518211_1675335602479300
2017-08-23T06	1008279892518211_1671067536239440
2017-08-23T13	1008279892518211_1672050322807828
2017-08-24T01	1008279892518211_1673791625967031
2017-08-24T12	1008279892518211_1674775839201943
2017-08-22T16	1008279892518211_1669892093023651
2017-08-24T09	1008279892518211_1674484285897765
2017-08-22T07	1008279892518211_1669398173073043
2017-08-21T13	1008279892518211_1668600486486145
2017-08-22T12	1008279892518211_1669587129720814
2017-08-15T12	1008279892518211_1662411327105061
2017-08-22T22	1008279892518211_1670501402962720
2017-08-19T12	1008279892518211_1666495256696668
2017-08-20T07	1008279892518211_1667355293277331
2017-08-19T10	1008279892518211_1666416890037838
2017-08-19T20	1008279892518211_1666905469988980
2017-08-19T06	1008279892518211_1666282963384564
2017-08-19T19	1008279892518211_1666842783328582
2017-08-16T19	1008279892518211_1663831930296334
2017-08-17T00	1008279892518211_1664014313611429
2017-08-16T20	1008279892518211_1663864173626443
2017-08-16T17	1008279892518211_1663741523638708
2017-08-18T07	1008279892518211_1665328203480040
2017-08-18T07	1008279892518211_1665322073480653
2017-08-18T00	1008279892518211_1665035100176017
2017-08-16T20	1008279892518211_1663869563625904
2017-08-17T18	1008279892518211_1664789966867197
2017-08-16T02	1008279892518211_1663107560368771
2017-08-17T15	1008279892518211_1664641910215336
2017-08-17T15	1008279892518211_1664652193547641
2017-08-16T14	1008279892518211_1663552126990981
2017-08-16T14	1008279892518211_1663603113652549
2017-08-16T18	1008279892518211_1663762856969908
2017-08-14T18	1008279892518211_1661677977178396
2017-08-17T01	1008279892518211_1664048243608036
2017-08-14T19	1008279892518211_1661703633842497
2017-08-15T13	1008279892518211_1662444227101771
2017-08-15T09	1008279892518211_1662285750450952
2017-08-15T13	1008279892518211_1662436207102573
2017-08-15T21	1008279892518211_1662847360394791
2017-08-13T13	1008279892518211_1660405060639021
2017-08-14T20	1008279892518211_1661756270503900
2017-08-14T12	1008279892518211_1661339620545565
2017-08-14T15	1008279892518211_1661482283864632
2017-08-14T08	1008279892518211_1661184840561043
2017-08-12T15	1008279892518211_1659377137408480
2017-08-14T06	1008279892518211_1661115300567997
2017-08-13T09	1008279892518211_1660202197325974
2017-08-13T22	1008279892518211_1660840407262153
2017-08-13T22	1008279892518211_1660826703930190
2017-08-13T22	1008279892518211_1660823533930507
2017-08-12T10	1008279892518211_1659104720769055
2017-08-13T08	1008279892518211_1660164333996427
2017-08-12T16	1008279892518211_1659441944068666
2017-08-12T16	1008279892518211_1659435510735976
2017-08-12T16	1008279892518211_1659421710737356
2017-08-11T18	1008279892518211_1658447164168144
2017-08-12T14	1008279892518211_1659345247411669
2017-08-11T13	1008279892518211_1658216457524548
2017-08-09T09	1008279892518211_1656064757739718
2017-08-08T23	1008279892518211_1655712854441575
2017-08-09T17	1008279892518211_1656421174370743
2017-08-08T22	1008279892518211_1655676081111919
2017-08-09T16	1008279892518211_1656390911040436
2017-08-08T16	1008279892518211_1655437697802424
2017-08-08T12	1008279892518211_1655196351159892
2017-08-07T13	1008279892518211_1654259794586881
2017-08-08T20	1008279892518211_1655595287786665
2017-08-08T18	1008279892518211_1655526137793580
2017-08-08T15	1008279892518211_1655354071144120
2017-08-08T13	1008279892518211_1655247674488093
2017-08-07T11	1008279892518211_1654192261260301
2017-08-07T01	1008279892518211_1653601861319341
2017-08-06T01	1008279892518211_1652471944765666
2017-08-05T14	1008279892518211_1651901938156000
2017-08-06T22	1008279892518211_1653437158002478
2017-08-05T09	1008279892518211_1651688114844049
2017-08-05T11	1008279892518211_1651782431501284
2017-08-04T21	1008279892518211_1651161361563391
2017-08-03T06	1008279892518211_1649322475080613
2017-08-02T15	1008279892518211_1648618661817661
2017-08-02T10	1008279892518211_1648354568510737
2017-08-01T12	1008279892518211_1647435265269334
2017-08-01T11	1008279892518211_1647401091939418
2017-08-01T08	1008279892518211_1647288198617374
2017-07-30T15	1008279892518211_1645655185447342
2017-07-31T10	1008279892518211_1646438842035643
2017-07-31T09	1008279892518211_1646392242040303
2017-07-31T09	1008279892518211_1646397062039821
2017-07-29T15	1008279892518211_1644685445544316
2017-07-29T16	1008279892518211_1644749512204576
2017-07-30T14	1008279892518211_1645616715451189
2017-07-30T12	1008279892518211_1645519902127537
2017-07-29T10	1008279892518211_1644473908898803
2017-07-30T12	1008279892518211_1645526652126862
2017-07-30T16	1008279892518211_1645729172106610
2017-07-30T15	1008279892518211_1645657558780438
2017-07-30T15	1008279892518211_1645653658780828
2017-07-29T13	1008279892518211_1644570618889132
2017-07-28T11	1008279892518211_1643531362326391
2017-07-29T13	1008279892518211_1644581268888067
2017-07-29T07	1008279892518211_1644360922243435
2017-07-28T17	1008279892518211_1643804805632380
2017-07-26T10	1008279892518211_1641106315902229
2017-07-28T03	1008279892518211_1643161089030085
2017-07-28T06	1008279892518211_1643325689013625
2017-07-27T22	1008279892518211_1642915209054673
2017-07-26T06	1008279892518211_1640920725920788
2017-07-26T14	1008279892518211_1641300725882788
2017-07-27T19	1008279892518211_1642825399063654
2017-07-25T08	1008279892518211_1639835449362649
2017-07-26T11	1008279892518211_1641123445900516
2017-07-26T09	1008279892518211_1641050512574476
2017-07-26T08	1008279892518211_1641021835910677
2017-07-25T00	1008279892518211_1639494159396778
2017-07-21T11	1008279892518211_1635267596486101
2017-07-24T22	1008279892518211_1639400976072763
2017-07-23T11	1008279892518211_1637630129583181
2017-07-22T13	1008279892518211_1636469093032618
2017-07-24T20	1008279892518211_1639317179414476
2017-07-24T18	1008279892518211_1639157142763813
2017-07-24T17	1008279892518211_1639110696101791
2017-07-24T19	1008279892518211_1639243412755186
2017-07-21T09	1008279892518211_1635168383162689
2017-07-24T14	1008279892518211_1638959299450264
2017-07-24T10	1008279892518211_1638784952801032
2017-07-23T16	1008279892518211_1637905916222269
2017-07-24T11	1008279892518211_1638790732800454
2017-07-24T12	1008279892518211_1638862092793318
2017-07-24T10	1008279892518211_1638783079467886
2017-07-24T11	1008279892518211_1638806036132257
2017-07-23T16	1008279892518211_1637914029554791
2017-07-24T09	1008279892518211_1638715136141347
2017-07-23T22	1008279892518211_1638255682853959
2017-07-24T07	1008279892518211_1638673096145551
2017-07-21T17	1008279892518211_1635561296456731
2017-07-22T23	1008279892518211_1637016632977864
2017-07-23T01	1008279892518211_1637126669633527
2017-07-22T14	1008279892518211_1636519189694275
2017-07-21T16	1008279892518211_1635508193128708
2017-07-20T23	1008279892518211_1634726253206902
2017-07-22T09	1008279892518211_1636278853051642
2017-07-19T18	1008279892518211_1633388543340673
2017-07-21T06	1008279892518211_1635049673174560
2017-07-20T23	1008279892518211_1634723416540519
2017-07-21T04	1008279892518211_1634941723185355
2017-07-20T12	1008279892518211_1634190876593773
2017-07-16T18	1008279892518211_1630060857006775
2017-07-16T14	1008279892518211_1629810117031849
2017-07-17T12	1008279892518211_1630839123595615
2017-07-17T11	1008279892518211_1630813196931541
2017-07-17T11	1008279892518211_1630812970264897
2017-07-17T06	1008279892518211_1630599413619586
2017-07-17T09	1008279892518211_1630716093607918
2017-07-17T09	1008279892518211_1630716433607884
2017-07-17T08	1008279892518211_1630679353611592
2017-07-17T08	1008279892518211_1630671773612350
2017-07-17T00	1008279892518211_1630328603646667
2017-07-17T03	1008279892518211_1630497030296491
2017-07-14T18	1008279892518211_1627526877260173
2017-07-14T17	1008279892518211_1627499860596208
2017-07-14T17	1008279892518211_1627465767266284
2017-07-13T19	1008279892518211_1626329704046557
2017-07-14T16	1008279892518211_1627403413939186
2017-07-11T14	1008279892518211_1623660357646825
2017-07-14T15	1008279892518211_1627385187274342
2017-07-12T10	1008279892518211_1624655240880670
2017-07-13T09	1008279892518211_1625782807434580
2017-07-13T09	1008279892518211_1625756910770503
2017-07-13T09	1008279892518211_1625746290771565
2017-07-10T14	1008279892518211_1622505934428934
2017-07-09T16	1008279892518211_1621526444526883
2017-07-09T16	1008279892518211_1621518124527715
2017-07-09T15	1008279892518211_1621483747864486
2017-07-08T13	1008279892518211_1620168177996043
2017-07-08T07	1008279892518211_1619939014685626
2017-07-08T14	1008279892518211_1620253434654184
2017-07-07T13	1008279892518211_1619010328111828
2017-07-09T13	1008279892518211_1621349911211203
2017-07-06T23	1008279892518211_1618288921517302
2017-07-07T02	1008279892518211_1618445268168334
2017-07-07T00	1008279892518211_1618333601512834
2017-07-06T23	1008279892518211_1618322184847309
2017-07-04T16	1008279892518211_1615584625121065
2017-07-04T00	1008279892518211_1614792791866915
2017-07-06T22	1008279892518211_1618280434851484
2017-07-06T22	1008279892518211_1618250601521134
2017-07-04T15	1008279892518211_1615531565126371
2017-07-06T21	1008279892518211_1618211774858350
2017-07-06T20	1008279892518211_1618137078199153
2017-07-05T22	1008279892518211_1617029911643203
2017-07-05T22	1008279892518211_1617021991643995
2017-07-05T21	1008279892518211_1616991334980394
2017-07-05T20	1008279892518211_1616942941651900
2017-07-04T13	1008279892518211_1615389008473960
2017-07-05T06	1008279892518211_1616231941723000
2017-07-05T14	1008279892518211_1616635878349273
2017-07-04T01	1008279892518211_1614820421864152
post_publishe	post_id
2017-06-30T14	1008279892518211_1610387215640806
2017-07-04T06	1008279892518211_1615076421838552
2017-07-03T18	1008279892518211_1614468071899387
2017-07-03T17	1008279892518211_1614425335236994
2017-07-04T21	1008279892518211_1615837061762488
2017-07-04T21	1008279892518211_1615823671763827
2017-07-03T05	1008279892518211_1613843131961881
2017-07-04T21	1008279892518211_1615809351765259
2017-07-02T14	1008279892518211_1613061585373369
2017-07-02T17	1008279892518211_1613245275355000
2017-06-30T21	1008279892518211_1610767752269419
2017-06-29T22	1008279892518211_1609511622395032
2017-06-29T23	1008279892518211_1609602759052585
2017-06-29T03	1008279892518211_1608223445857183
2017-06-29T19	1008279892518211_1609376855741842
2017-06-29T16	1008279892518211_1609149925764535
2017-06-29T03	1008279892518211_1608271209185740
2017-06-25T16	1008279892518211_1603627359650125
2017-06-27T11	1008279892518211_1605670552779139
2017-06-27T08	1008279892518211_1605523392793855
2017-06-25T05	1008279892518211_1603127743033420
2017-06-24T15	1008279892518211_1602449249767936
2017-06-25T00	1008279892518211_1602920183054176
2017-06-25T00	1008279892518211_1602914496388078
2017-06-25T00	1008279892518211_1602908909721970
2017-06-25T00	1008279892518211_1602905079722353
2017-06-25T00	1008279892518211_1602900736389454
2017-06-24T23	1008279892518211_1602896999723161
2017-06-24T17	1008279892518211_1602579703088224
2017-06-24T10	1008279892518211_1602211816458346
2017-06-24T22	1008279892518211_1602836293062565
2017-06-24T10	1008279892518211_1602219049790956
2017-06-23T16	1008279892518211_1601474613198733
2017-06-23T09	1008279892518211_1601155846563943
2017-06-21T00	1008279892518211_1598635626815965
2017-06-22T15	1008279892518211_1600347703311424
2017-06-22T23	1008279892518211_1600770793269115
2017-06-22T16	1008279892518211_1600397426639785
2017-06-22T02	1008279892518211_1599843020028559
2017-06-22T08	1008279892518211_1600036856675842
2017-06-21T15	1008279892518211_1599292126750315
2017-06-20T16	1008279892518211_1598204440192417
2017-06-19T21	1008279892518211_1597345686944959
2017-06-20T17	1008279892518211_1598287763517418
2017-06-21T11	1008279892518211_1599085573437637
2017-06-20T19	1008279892518211_1598403363505858
2017-06-20T16	1008279892518211_1598258516853676
2017-06-19T14	1008279892518211_1596980086981519
2017-06-20T09	1008279892518211_1597851550227706
2017-06-20T07	1008279892518211_1597783646901163
2017-06-18T23	1008279892518211_1596406720372189
2017-06-18T23	1008279892518211_1596401437039384
2017-06-18T19	1008279892518211_1596221453724049
2017-06-18T03	1008279892518211_1595516800461181
2017-06-16T22	1008279892518211_1594197650593096
2017-06-17T11	1008279892518211_1594766910536170
2017-06-17T15	1008279892518211_1594979123848282
2017-06-17T15	1008279892518211_1594953597184168
2017-06-15T18	1008279892518211_1592849657394562
2017-06-13T13	1008279892518211_1590431137636414
2017-06-13T10	1008279892518211_1590273954318799
2017-06-13T01	1008279892518211_1589961934350001
2017-06-14T07	1008279892518211_1591291780883683
2017-06-13T17	1008279892518211_1590678874278307
2017-06-10T21	1008279892518211_1587759514570243
2017-06-13T14	1008279892518211_1590514410961420
2017-06-08T16	1008279892518211_1585150721497789
2017-06-11T05	1008279892518211_1588119831200878
2017-06-11T00	1008279892518211_1587891937890334
2017-06-10T14	1008279892518211_1587412701271591
2017-06-10T13	1008279892518211_1587372104608984
2017-06-09T20	1008279892518211_1586582464687948
2017-06-10T07	1008279892518211_1587115067968021
2017-06-09T21	1008279892518211_1586658914680303
2017-06-10T13	1008279892518211_1587339444612250
2017-06-09T18	1008279892518211_1586424524703742
2017-06-09T14	1008279892518211_1586243234721871
2017-06-08T12	1008279892518211_1584926818186846
2017-06-08T06	1008279892518211_1584673634878831
2017-06-08T09	1008279892518211_1584805078199020
2017-06-07T19	1008279892518211_1584186021594259
2017-06-07T19	1008279892518211_1584170554929139
2017-06-07T08	1008279892518211_1583617634984431
2017-06-06T12	1008279892518211_1582470011765860
2017-06-07T10	1008279892518211_1583684538311074
2017-06-06T01	1008279892518211_1581720248507503
2017-06-05T18	1008279892518211_1581215318557996
2017-06-06T00	1008279892518211_1581695101843351
2017-06-02T00	1008279892518211_1577218888957639
2017-06-05T06	1008279892518211_1580650301947831
2017-06-05T20	1008279892518211_1581355451877316
2017-06-05T17	1008279892518211_1581185068561021
2017-06-05T16	1008279892518211_1581092651903596
2017-06-05T09	1008279892518211_1580745165271678
2017-06-02T21	1008279892518211_1578240792188782
2017-06-03T13	1008279892518211_1578846848794843
2017-06-03T07	1008279892518211_1578625842150277
2017-06-02T09	1008279892518211_1577625745583620
2017-06-02T15	1008279892518211_1577894042223457
2017-05-31T13	1008279892518211_1575711042441757
2017-06-02T02	1008279892518211_1577329168946611
2017-06-01T08	1008279892518211_1576554339024094
2017-06-01T11	1008279892518211_1576635365682658
2017-05-31T17	1008279892518211_1575957219083806
2017-05-31T11	1008279892518211_1575618499117678
2017-05-31T12	1008279892518211_1575692409110287
2017-05-31T10	1008279892518211_1575600535786141
2017-05-28T16	1008279892518211_1572893286056866
2017-05-28T20	1008279892518211_1573100756036119
2017-05-26T18	1008279892518211_1570897172923144
2017-05-27T19	1008279892518211_1572052146140980
2017-05-27T11	1008279892518211_1571631972849664
2017-05-27T13	1008279892518211_1571725612840300
2017-05-25T12	1008279892518211_1569459009733627
2017-05-26T20	1008279892518211_1570955196250675
2017-05-23T08	1008279892518211_1567077756638419
2017-05-22T22	1008279892518211_1566694060010122
2017-05-22T06	1008279892518211_1566001546746040
2017-05-22T10	1008279892518211_1566121580067370
2017-05-20T09	1008279892518211_1564061063606755
2017-05-21T22	1008279892518211_1565681576778037
2017-05-20T12	1008279892518211_1564197430259785
2017-05-17T15	1008279892518211_1561165960562932
2017-05-17T23	1008279892518211_1561495537196641
2017-05-17T22	1008279892518211_1561453757200819
2017-05-17T17	1008279892518211_1561271407219054
2017-05-17T09	1008279892518211_1560875370591991
2017-05-17T09	1008279892518211_1560897103923151
2017-05-16T12	1008279892518211_1559969544015907
2017-05-16T19	1008279892518211_1560274687318726
2017-05-15T18	1008279892518211_1559271134085748
2017-05-15T22	1008279892518211_1559418374071024
2017-05-16T12	1008279892518211_1559975167348678
2017-05-16T12	1008279892518211_1559971594015702
2017-05-15T13	1008279892518211_1559032804109581
2017-05-12T19	1008279892518211_1556058961073632
2017-05-13T19	1008279892518211_1557256774287184
2017-05-13T17	1008279892518211_1557159634296898
2017-05-13T10	1008279892518211_1556716747674520
2017-05-12T22	1008279892518211_1556242861055242
2017-05-11T06	1008279892518211_1554069474605914
2017-05-08T20	1008279892518211_1551719191507609
2017-05-12T03	1008279892518211_1555240334488828
2017-05-10T22	1008279892518211_1553783287967866
2017-05-10T17	1008279892518211_1553546607991534
2017-05-10T06	1008279892518211_1553030371376491
2017-05-08T11	1008279892518211_1551357598210435
2017-05-10T21	1008279892518211_1553719861307542
2017-05-10T21	1008279892518211_1553701397976055
2017-05-08T06	1008279892518211_1551196688226526
2017-05-08T15	1008279892518211_1551533894859472
2017-05-08T15	1008279892518211_1551530401526488
2017-05-08T15	1008279892518211_1551526684860193
2017-05-08T06	1008279892518211_1551200661559462
2017-05-07T10	1008279892518211_1550444068301788
2017-05-07T19	1008279892518211_1550795581599970
2017-05-07T19	1008279892518211_1550797044933157
2017-05-05T14	1008279892518211_1548694038476791
2017-05-07T12	1008279892518211_1550498091629719
2017-05-06T11	1008279892518211_1549543948391800
2017-05-06T13	1008279892518211_1549629641716564
2017-05-04T06	1008279892518211_1547523331927195
2017-05-05T09	1008279892518211_1548507738495421
2017-05-04T06	1008279892518211_1547531765259685
post_publishe	post_id
2017-05-02T19	1008279892518211_1546089798737215
2017-04-30T09	1008279892518211_1543265859019609
2017-05-02T20	1008279892518211_1546165342062994
2017-05-03T17	1008279892518211_1547022485310613
2017-05-03T06	1008279892518211_1546560202023508
2017-05-02T21	1008279892518211_1546201652059363
2017-05-01T09	1008279892518211_1544336605579201
2017-05-02T11	1008279892518211_1545675342111994
2017-05-02T11	1008279892518211_1545658662113662
2017-05-01T06	1008279892518211_1544240295588832
2017-05-02T06	1008279892518211_1545465615466300
2017-04-30T17	1008279892518211_1543750705637791
2017-05-01T20	1008279892518211_1544926455520216
2017-04-29T17	1008279892518211_1542503009095894
2017-05-01T06	1008279892518211_1544247755588086
2017-04-29T21	1008279892518211_1542681982411330
2017-05-01T15	1008279892518211_1544577755555086
2017-05-01T14	1008279892518211_1544562512223277
2017-05-01T06	1008279892518211_1544240282255500
2017-05-01T05	1008279892518211_1544195295593332
2017-04-30T13	1008279892518211_1543482242331304
2017-04-29T14	1008279892518211_1542326095780252
2017-04-30T09	1008279892518211_1543242905688571
2017-04-26T21	1008279892518211_1539648732714655
2017-04-30T10	1008279892518211_1543333349012860
2017-04-29T09	1008279892518211_1542010169145178
2017-04-29T19	1008279892518211_1542597372419791
2017-04-27T19	1008279892518211_1540465965966265
2017-04-28T22	1008279892518211_1541572745855587
2017-04-27T19	1008279892518211_1540469999299195
2017-04-28T06	1008279892518211_1540912789254916
2017-04-27T13	1008279892518211_1540168192662709
2017-04-27T09	1008279892518211_1540037182675810
2017-04-25T16	1008279892518211_1538422976170564
2017-04-24T09	1008279892518211_1537120662967462
2017-04-23T14	1008279892518211_1536426276370234
2017-04-25T05	1008279892518211_1537965389549656
2017-04-24T01	1008279892518211_1536874969658698
2017-04-24T18	1008279892518211_1537501516262710
2017-04-23T20	1008279892518211_1536689903010538
2017-04-23T09	1008279892518211_1536220563057472
2017-04-24T06	1008279892518211_1537038249642370
2017-04-23T07	1008279892518211_1536136549732540
2017-04-21T07	1008279892518211_1534104339935761
2017-04-21T13	1008279892518211_1534393323240196
2017-04-21T14	1008279892518211_1534441806568681
2017-04-22T19	1008279892518211_1535689796443882
2017-04-19T07	1008279892518211_1531919843487544
2017-04-21T10	1008279892518211_1534228533256675
2017-04-21T11	1008279892518211_1534268389919356
2017-04-21T15	1008279892518211_1534511673228361
2017-04-18T13	1008279892518211_1531100666902795
2017-04-20T22	1008279892518211_1533710476641814
2017-04-20T20	1008279892518211_1533630833316445
2017-04-19T22	1008279892518211_1532715063408022
2017-04-20T00	1008279892518211_1532792293400299
2017-04-18T14	1008279892518211_1531116053567923
2017-04-19T11	1008279892518211_1532143460131849
2017-04-18T21	1008279892518211_1531478180198377
2017-04-18T21	1008279892518211_1531470660199129
2017-04-18T18	1008279892518211_1531335290212666
2017-04-12T21	1008279892518211_1524660547546807
2017-04-16T00	1008279892518211_1527970067215855
2017-04-15T07	1008279892518211_1527217400624455
2017-04-14T06	1008279892518211_1526102180735977
2017-04-15T13	1008279892518211_1527489787263883
2017-04-14T16	1008279892518211_1526556050690590
2017-04-15T11	1008279892518211_1527364700609725
2017-04-13T15	1008279892518211_1525385114141017
2017-04-12T22	1008279892518211_1524693944210134
2017-04-11T18	1008279892518211_1523457837667078
2017-04-12T21	1008279892518211_1524668220879373
2017-04-12T20	1008279892518211_1524593644220164
2017-04-12T17	1008279892518211_1524473744232154
2017-04-11T12	1008279892518211_1523140514365477
2017-04-10T16	1008279892518211_1522257431120452
2017-04-10T13	1008279892518211_1522105441135651
2017-04-11T09	1008279892518211_1522990274380501
2017-04-11T06	1008279892518211_1522882311057964
2017-04-09T08	1008279892518211_1520754807937381
2017-03-30T12	1008279892518211_1509444665735062
2017-04-10T18	1008279892518211_1522334217779440
2017-04-10T15	1008279892518211_1522203327792529
2017-04-09T11	1008279892518211_1520930811253114
2017-04-10T15	1008279892518211_1522171447795717
2017-04-09T08	1008279892518211_1520769807935881
2017-04-10T08	1008279892518211_1521882524491276
2017-04-07T14	1008279892518211_1518675721478623
2017-04-09T20	1008279892518211_1521424541203741
2017-04-09T20	1008279892518211_1521419834537545
2017-04-09T20	1008279892518211_1521408204538708
2017-04-09T20	1008279892518211_1521405914538937
2017-04-08T07	1008279892518211_1519487391397456
2017-04-08T09	1008279892518211_1519633251382870
2017-04-03T14	1008279892518211_1513969305282598
2017-04-07T13	1008279892518211_1518644134815115
2017-04-05T11	1008279892518211_1516008648411997
2017-04-04T14	1008279892518211_1515024418510420
2017-04-04T06	1008279892518211_1514697971876398
2017-04-03T23	1008279892518211_1514420078570854
2017-04-02T19	1008279892518211_1513158048697057
2017-04-01T06	1008279892518211_1511423535537175
2017-03-31T22	1008279892518211_1511038685575660
2017-03-31T19	1008279892518211_1510932025586326
2017-03-31T19	1008279892518211_1510918532254342
2017-03-31T15	1008279892518211_1510692628943599
2017-03-31T10	1008279892518211_1510427175636811
2017-03-31T10	1008279892518211_1510411252305070
2017-03-28T13	1008279892518211_1507566165922912
2017-03-29T18	1008279892518211_1508735199139342
2017-03-29T18	1008279892518211_1508763415803187
2017-03-29T21	1008279892518211_1508897809123081
2017-03-29T13	1008279892518211_1508522115827317
2017-03-30T11	1008279892518211_1509391455740383
2017-03-29T10	1008279892518211_1508421265837402
2017-03-27T18	1008279892518211_1506622619350600
2017-03-28T20	1008279892518211_1507892075890321
2017-03-28T22	1008279892518211_1507976529215209
2017-03-28T16	1008279892518211_1507715789241283
2017-03-28T21	1008279892518211_1507954515884077
2017-03-27T16	1008279892518211_1506482942697901
2017-03-28T19	1008279892518211_1507870732559122
2017-03-28T19	1008279892518211_1507836505895878
2017-03-27T18	1008279892518211_1506634682682727
2017-03-27T09	1008279892518211_1506159639396898
2017-03-27T06	1008279892518211_1506065689406293
2017-03-19T07	1008279892518211_1496245500388312
2017-03-26T16	1008279892518211_1505394072806788
2017-03-26T09	1008279892518211_1505022302843965
2017-03-26T17	1008279892518211_1505431152803080
2017-03-25T09	1008279892518211_1503881236291405
2017-03-23T14	1008279892518211_1501709829841879
2017-03-23T13	1008279892518211_1501626676516861
2017-03-24T21	1008279892518211_1503253719687490
2017-03-24T21	1008279892518211_1503246529688209
2017-03-24T06	1008279892518211_1502455189767343
2017-03-18T18	1008279892518211_1495658787113650
2017-03-20T07	1008279892518211_1497324410280421
2017-03-20T04	1008279892518211_1497245593621636
2017-03-19T21	1008279892518211_1496930783653117
2017-03-19T19	1008279892518211_1496819906997538
2017-03-19T15	1008279892518211_1496633617016167
2017-03-19T09	1008279892518211_1496350330377829
2017-03-17T17	1008279892518211_1494469283899267
2017-03-19T04	1008279892518211_1496130237066505
2017-03-16T20	1008279892518211_1493597427319786
2017-03-15T12	1008279892518211_1491954650817397
2017-03-16T17	1008279892518211_1493454397334089
2017-03-16T06	1008279892518211_1492915410721321
2017-03-15T21	1008279892518211_1492579630754899
2017-03-15T21	1008279892518211_1492563584089837
2017-03-15T17	1008279892518211_1492279840784878
2017-03-15T07	1008279892518211_1491722827507246
2017-03-15T13	1008279892518211_1492017727477756
2017-03-14T23	1008279892518211_1491363680876494
2017-03-14T16	1008279892518211_1491056104240585
2017-03-13T20	1008279892518211_1490196884326507
2017-03-13T10	1008279892518211_1489772301035632
2017-03-12T09	1008279892518211_1488640347815494
2017-03-12T10	1008279892518211_1488668041146058
2017-03-12T07	1008279892518211_1488575434488652
2017-03-12T20	1008279892518211_1489174391095423
2017-03-11T21	1008279892518211_1488042887875240
2017-03-09T19	1008279892518211_1484383064907889
2017-03-12T13	1008279892518211_1488806424465553
2017-03-11T16	1008279892518211_1487672444578951
2017-03-12T10	1008279892518211_1488707024475493
2017-03-11T07	1008279892518211_1487120204634175
2017-03-11T13	1008279892518211_1487473137932215
2017-03-07T07	1008279892518211_1480660298613499
2017-03-07T11	1008279892518211_1480781111934751
2017-03-05T21	1008279892518211_1479108288768700
2017-03-06T22	1008279892518211_1480230651989797
2017-03-06T09	1008279892518211_1479608385385357
2017-03-06T13	1008279892518211_1479778615368334
2017-03-06T12	1008279892518211_1479706008708928
2017-03-04T15	1008279892518211_1477610532251809
2017-03-04T11	1008279892518211_1477397322273130
2017-03-04T12	1008279892518211_1477407982272064
2017-03-05T10	1008279892518211_1478513518828177
2017-03-04T17	1008279892518211_1477737088905820
2017-03-05T07	1008279892518211_1478391618840367
2017-03-04T19	1008279892518211_1477843435561852
2017-03-04T20	1008279892518211_1477891382223724
2017-03-04T19	1008279892518211_1477840842228778
2017-03-04T15	1008279892518211_1477567565589439
post_publishe	post_id
2017-03-04T20	1008279892518211_1477891382223724
2017-03-04T19	1008279892518211_1477840842228778
2017-03-03T18	1008279892518211_1476569255689270
2017-03-03T15	1008279892518211_1476408965705299
2017-03-01T18	1008279892518211_1474520605894135
2017-03-02T07	1008279892518211_1474983625847833
2017-03-01T07	1008279892518211_1473978182615044
2017-03-01T07	1008279892518211_1473970089282520
2017-02-27T18	1008279892518211_1472060366140159
2017-03-01T13	1008279892518211_1474240035922192
2017-02-27T19	1008279892518211_1472111706135025
2017-02-28T07	1008279892518211_1472893762723486
2017-02-27T10	1008279892518211_1471679586178237
2017-02-27T07	1008279892518211_1471578949521634
2017-02-26T21	1008279892518211_1471149436231252
2017-02-26T21	1008279892518211_1471172396228956
2017-02-25T22	1008279892518211_1470040043008858
2017-02-26T12	1008279892518211_1470713049608224
2017-02-25T22	1008279892518211_1470046639674865
2017-02-22T21	1008279892518211_1466619146684281
2017-02-25T07	1008279892518211_1469337846412411
2017-02-24T07	1008279892518211_1468201519859377
2017-02-24T12	1008279892518211_1468388596507336
2017-02-23T11	1008279892518211_1467182846627911
2017-02-23T23	1008279892518211_1467852259894303
2017-02-23T18	1008279892518211_1467560049923524
2017-02-22T22	1008279892518211_1466627190016810
2017-02-21T12	1008279892518211_1464821276864068
2017-02-23T12	1008279892518211_1467257546620441
2017-02-22T15	1008279892518211_1466257466720449
2017-02-22T09	1008279892518211_1466020336744162
2017-02-22T19	1008279892518211_1466475893365273
2017-02-21T19	1008279892518211_1465223573490505
2017-02-15T19	1008279892518211_1457581947588001
2017-02-20T13	1008279892518211_1463778563635006
2017-02-21T07	1008279892518211_1464627080216821
2017-02-19T15	1008279892518211_1462454060434123
2017-02-18T13	1008279892518211_1460880980591431
2017-02-19T09	1008279892518211_1462046960474833
2017-02-19T08	1008279892518211_1461986100480919
2017-02-18T13	1008279892518211_1460894843923378
2017-02-18T10	1008279892518211_1460780227268173
2017-02-18T06	1008279892518211_1460625280617001
2017-02-18T16	1008279892518211_1461038347242361
2017-02-16T19	1008279892518211_1458679230811606
2017-02-17T13	1008279892518211_1459669920712537
2017-02-17T11	1008279892518211_1459570984055764
2017-02-17T10	1008279892518211_1459548494058013
2017-02-16T20	1008279892518211_1458727610806768
2017-02-17T08	1008279892518211_1459419377404258
2017-02-17T07	1008279892518211_1459391397407056
2017-02-15T23	1008279892518211_1457772450902284
2017-02-16T08	1008279892518211_1458140460865483
2017-02-13T13	1008279892518211_1455126177833578
2017-02-11T09	1008279892518211_1453088611370668
2017-02-13T08	1008279892518211_1454948584518004
2017-02-10T16	1008279892518211_1452365114776351
2017-02-07T23	1008279892518211_1449829941696535
2017-02-08T07	1008279892518211_1450196174993245
2017-02-06T12	1008279892518211_1448032701876259
2017-02-06T20	1008279892518211_1448489025163960
2017-02-06T23	1008279892518211_1448626775150185
2017-02-06T12	1008279892518211_1448033031876226
2017-02-05T09	1008279892518211_1446974411982088
2017-02-03T17	1008279892518211_1445168288829367
2017-01-31T21	1008279892518211_1441799552499574
2017-02-02T10	1008279892518211_1443516158994580
2017-02-02T18	1008279892518211_1443939782285551
2017-02-03T13	1008279892518211_1444987588847437
2017-01-28T20	1008279892518211_1438432922836237
2017-01-28T13	1008279892518211_1437974286215434
2017-01-28T13	1008279892518211_1437939649552231
2017-01-27T22	1008279892518211_1437373706275492
2017-01-26T20	1008279892518211_1436195489726647
2017-01-26T09	1008279892518211_1435729873106542
2017-01-27T06	1008279892518211_1436637239682472
2017-01-26T11	1008279892518211_1435805463098983
2017-01-25T23	1008279892518211_1435259723153557
2017-01-17T21	1008279892518211_1425905714088958
2017-01-24T15	1008279892518211_1433388783340651
2017-01-21T12	1008279892518211_1429417707071092
2017-01-22T21	1008279892518211_1430852606927602
2017-01-22T08	1008279892518211_1430243933655136
2017-01-22T15	1008279892518211_1430616360284560
2017-01-21T12	1008279892518211_1429407780405418
2017-01-21T19	1008279892518211_1429695627043300
2017-01-21T17	1008279892518211_1429616977051165
2017-01-19T20	1008279892518211_1427829283896601
2017-01-19T11	1008279892518211_1427475063932023
2017-01-19T22	1008279892518211_1427898980556298
2017-01-18T16	1008279892518211_1426523730693823
2017-01-17T08	1008279892518211_1425437044135825
2017-01-16T19	1008279892518211_1424947774184752
2017-01-16T14	1008279892518211_1424744354205094
2017-01-16T14	1008279892518211_1424743694205160
2017-01-12T12	1008279892518211_1420671041279092
2017-01-14T23	1008279892518211_1423068931039303
2017-01-15T19	1008279892518211_1423969410949255
2017-01-15T10	1008279892518211_1423531400993056
2017-01-15T16	1008279892518211_1423821957630667
2017-01-14T10	1008279892518211_1422470027765860
2017-01-12T20	1008279892518211_1421062424573287
2017-01-14T01	1008279892518211_1422157201130476
2017-01-14T07	1008279892518211_1422377591108437
2017-01-12T22	1008279892518211_1421140931232103
2017-01-13T15	1008279892518211_1421736717839191
2017-01-12T11	1008279892518211_1420632037949659
2017-01-11T17	1008279892518211_1419805644698965
2017-01-10T18	1008279892518211_1419025521443644
2017-01-10T18	1008279892518211_1419003044779225
2017-01-11T08	1008279892518211_1419482118064651
2017-01-10T19	1008279892518211_1419067818106081
2017-01-11T10	1008279892518211_1419541428058720
2017-01-11T07	1008279892518211_1419477581398438
2017-01-08T22	1008279892518211_1417455238267339
2017-01-08T21	1008279892518211_1417432691602927
2017-01-08T18	1008279892518211_1417316898281173
2017-01-07T20	1008279892518211_1416567961689400
2017-01-08T19	1008279892518211_1417364518276411
2017-01-08T19	1008279892518211_1417365191609677
2017-01-07T09	1008279892518211_1416120665067463
2017-01-06T17	1008279892518211_1415513781794818
2017-01-06T09	1008279892518211_1415130581833138
2017-01-07T09	1008279892518211_1416138401732356
2017-01-05T12	1008279892518211_1414232871922909
2017-01-05T08	1008279892518211_1414092171936979
2017-01-05T09	1008279892518211_1414115685267961
post_publishe	post_id
2017-01-03T16	1008279892518211_1411159945563535
2017-01-04T12	1008279892518211_1413077332038463
2017-01-04T18	1008279892518211_1413450358667827
2017-01-04T17	1008279892518211_1413410322005164
2017-01-04T07	1008279892518211_1412670762079120
2017-01-03T08	1008279892518211_1410383208974542
2017-01-04T11	1008279892518211_1413030235376506
2017-01-03T15	1008279892518211_1411054822240714
2017-01-03T16	1008279892518211_1411175725561957
2017-01-02T19	1008279892518211_1409096892436507
2017-01-02T12	1008279892518211_1408329535846576
2017-01-02T09	1008279892518211_1408045052541691
2016-12-29T21	1008279892518211_1401231293223067
2016-12-30T08	1008279892518211_1401942309818632
2016-12-30T08	1008279892518211_1401937766485753
2016-12-29T23	1008279892518211_1401413429871520
2016-12-29T18	1008279892518211_1401040499908813
2016-12-29T18	1008279892518211_1401079156571614
2016-12-28T21	1008279892518211_1399896353356561
2016-12-28T11	1008279892518211_1399254703420726
2016-12-28T19	1008279892518211_1399687326710797
2016-12-23T22	1008279892518211_1390123397667190
2016-12-28T14	1008279892518211_1399395726739957
2016-12-27T17	1008279892518211_1398187516860778
2016-12-26T19	1008279892518211_1396151887064341
2016-12-26T21	1008279892518211_1396257640387099
2016-12-26T19	1008279892518211_1396120290400834
2016-12-25T18	1008279892518211_1393818617297668
2016-12-22T15	1008279892518211_1388151761197687
2016-12-23T16	1008279892518211_1389730081039855
2016-12-23T16	1008279892518211_1389680171044846
2016-12-22T07	1008279892518211_1387643407915189
2016-12-22T11	1008279892518211_1387850047894525
2016-12-20T18	1008279892518211_1385284738151056
2016-12-21T19	1008279892518211_1387167654629431
2016-12-20T13	1008279892518211_1384666211546242
2016-12-20T21	1008279892518211_1385671491445714
2016-12-19T20	1008279892518211_1382683081744555
2016-12-19T21	1008279892518211_1382772418402288
2016-12-18T16	1008279892518211_1380724345273762
2016-12-18T08	1008279892518211_1380100402002823
2016-12-18T10	1008279892518211_1380263525319844
2016-12-18T14	1008279892518211_1380642565281940
2016-12-18T11	1008279892518211_1380381028641427
2016-12-18T12	1008279892518211_1380445255301671
2016-12-17T19	1008279892518211_1379111875435009
2016-12-17T13	1008279892518211_1378656262147237
2016-12-17T07	1008279892518211_1378293352183528
2016-12-09T15	1008279892518211_1368134816532715
2016-12-08T13	1008279892518211_1366461423366721
2016-12-09T13	1008279892518211_1367964876549709
2016-12-09T13	1008279892518211_1367974639882066
2016-12-09T08	1008279892518211_1367626829916847
2016-12-09T12	1008279892518211_1367962699883260
2016-12-09T12	1008279892518211_1367890933223770
2016-12-08T08	1008279892518211_1366180460061484
2016-12-09T10	1008279892518211_1367760736570123
2016-11-12T20	1008279892518211_1338632736149590
2016-11-13T14	1008279892518211_1339240662755464
2016-11-13T13	1008279892518211_1339189956093868
2016-11-13T11	1008279892518211_1339117946101069
2016-11-12T17	1008279892518211_1338531606159703
2016-11-12T12	1008279892518211_1338240569522140
2016-11-12T06	1008279892518211_1337931886219675
2016-11-12T11	1008279892518211_1338164882863042
2016-11-11T20	1008279892518211_1337605966252267
2016-11-12T12	1008279892518211_1338248082854722
2016-11-11T14	1008279892518211_1337299836282880
2016-11-03T16	1008279892518211_1330129480333249
2016-11-03T21	1008279892518211_1330319643647566
2016-11-03T17	1008279892518211_1330157326997131
2016-11-03T20	1008279892518211_1330307703648760
2016-11-03T20	1008279892518211_1330298760316321
2016-11-03T20	1008279892518211_1330296366983227
2016-10-31T11	1008279892518211_1327131603966370
2016-11-01T21	1008279892518211_1328480400498157
2016-11-02T15	1008279892518211_1329176380428559
2016-11-02T12	1008279892518211_1329046663774864
2016-11-02T13	1008279892518211_1329111013768429
2016-11-02T13	1008279892518211_1329077367105127
2016-11-02T10	1008279892518211_1328991200447077
2016-11-01T11	1008279892518211_1328062050539992
2016-11-01T11	1008279892518211_1328040277208836
2016-10-30T19	1008279892518211_1326535584025972
2016-10-31T15	1008279892518211_1327343773945153
2016-10-31T16	1008279892518211_1327347053944825
2016-10-31T10	1008279892518211_1327086620637535
2016-10-30T10	1008279892518211_1326181194061411
2016-10-25T21	1008279892518211_1322132591132938
2016-10-28T12	1008279892518211_1324476234231907
2016-10-28T08	1008279892518211_1324357374243793
2016-10-26T20	1008279892518211_1323001497712714
2016-10-24T07	1008279892518211_1320749007937963
2016-10-27T13	1008279892518211_1323645467648317
2016-10-27T09	1008279892518211_1323458497667014
2016-10-25T19	1008279892518211_1322074704472060
2016-10-24T12	1008279892518211_1320886244590906
2016-10-24T09	1008279892518211_1320794971266700
2016-10-21T19	1008279892518211_1318494974830033
2016-10-21T06	1008279892518211_1318011038211760
2016-10-18T11	1008279892518211_1315571675122363
2016-10-16T23	1008279892518211_1314199031926294
2016-10-16T17	1008279892518211_1313934731952724
2016-10-16T08	1008279892518211_1313540155325515
2016-10-17T06	1008279892518211_1314452008567663
2016-10-16T20	1008279892518211_1314073868605477
2016-10-15T18	1008279892518211_1313011178711746
2016-10-14T16	1008279892518211_1311896118823252
2016-10-14T16	1008279892518211_1311895862156611
2016-10-14T08	1008279892518211_1311582218854642
2016-10-14T09	1008279892518211_1311616578851206
2016-10-14T09	1008279892518211_1311598238853040
2016-10-14T09	1008279892518211_1311628318850032
2016-10-13T09	1008279892518211_1310503248962539
2016-10-12T16	1008279892518211_1309736272372570
2016-10-12T09	1008279892518211_1309410709071793
2016-10-11T17	1008279892518211_1308826635796867
2016-10-11T14	1008279892518211_1308716175807913
2016-10-11T17	1008279892518211_1308831752463022
2016-10-10T19	1008279892518211_1308099249202939
2016-10-11T12	1008279892518211_1308636695815861
2016-10-09T07	1008279892518211_1306795166000014
2016-10-08T05	1008279892518211_1305807169432147
2016-10-10T09	1008279892518211_1307760452570152
2016-10-09T15	1008279892518211_1307126845966846
2016-10-09T23	1008279892518211_1307448939267970
2016-10-08T10	1008279892518211_1305963922749805
2016-10-07T22	1008279892518211_1305564716123059
2016-10-07T22	1008279892518211_1305573746122156
2016-10-07T12	1008279892518211_1305234659489398
2016-10-08T07	1008279892518211_1305887309424133
2016-10-06T19	1008279892518211_1304749169537947
2016-10-07T19	1008279892518211_1305451462801051
2016-10-05T17	1008279892518211_1303833282962869
2016-10-06T15	1008279892518211_1304571279555736
2016-10-06T11	1008279892518211_1304421382904059
2016-10-03T12	1008279892518211_1301846406494890
2016-10-03T09	1008279892518211_1301758489837015
2016-10-03T05	1008279892518211_1301624906517040
2016-10-03T05	1008279892518211_1301636866515844
2016-10-01T16	1008279892518211_1300229623323235
2016-10-02T18	1008279892518211_1301210056558525
2016-10-01T22	1008279892518211_1300468356632695
2016-09-30T07	1008279892518211_1298973636782167
2016-10-01T16	1008279892518211_1300266906652840
2016-09-30T04	1008279892518211_1298898880122976
2016-10-01T14	1008279892518211_1300139976665533
2016-09-30T06	1008279892518211_1298960753450122
2016-09-30T09	1008279892518211_1299028576776673
2016-09-30T20	1008279892518211_1299481226731408
2016-09-30T20	1008279892518211_1299468126732718
2016-09-30T19	1008279892518211_1299457526733778
2016-09-30T18	1008279892518211_1299401010072763
2016-09-30T10	1008279892518211_1299071993438998
2016-09-30T13	1008279892518211_1299201236759407
2016-09-30T07	1008279892518211_1298993750113489
2016-09-30T00	1008279892518211_1298782126801318
2016-09-29T22	1008279892518211_1298715630141301
2016-09-28T22	1008279892518211_1297833603562837
2016-09-25T22	1008279892518211_1295190773827120
2016-09-28T10	1008279892518211_1297318523614345
2016-09-27T18	1008279892518211_1296765603669637
2016-09-24T13	1008279892518211_1293793267300204
2016-09-26T18	1008279892518211_1295917417087789
2016-09-25T06	1008279892518211_1294499260562938
2016-09-26T08	1008279892518211_1295553917124139
2016-09-25T22	1008279892518211_1295178797161651
2016-09-24T15	1008279892518211_1293902763955921
2016-09-24T00	1008279892518211_1293405420672322
2016-09-25T08	1008279892518211_1294549307224600
2016-09-24T17	1008279892518211_1294006867278844
2016-09-24T12	1008279892518211_1293778223968375
2016-09-24T15	1008279892518211_1293883980624466
2016-09-24T12	1008279892518211_1293788123967385
2016-09-23T17	1008279892518211_1293128977366633
2016-09-22T07	1008279892518211_1291917140821150
2016-09-21T15	1008279892518211_1291268350886029
2016-09-22T15	1008279892518211_1292153944130803
2016-09-22T15	1008279892518211_1292170257462505
2016-09-20T21	1008279892518211_1290670267612504
2016-09-21T10	1008279892518211_1291073667572164
2016-09-21T07	1008279892518211_1291009084245289
2016-09-21T03	1008279892518211_1290883707591160
2016-09-20T19	1008279892518211_1290618047617726
2016-09-20T21	1008279892518211_1290682870944577
2016-09-20T20	1008279892518211_1290646307614900
2016-09-20T07	1008279892518211_1290135227666008
2016-09-20T12	1008279892518211_1290295710983293
2016-09-19T10	1008279892518211_1289383911074473
2016-09-18T14	1008279892518211_1288642057815325
2016-09-16T21	1008279892518211_1287139087965622
2016-09-17T13	1008279892518211_1287658234580374
2016-09-06T15	1008279892518211_1277974115548786
2016-09-07T15	1008279892518211_1278851725461025
2016-09-07T12	1008279892518211_1278743538805177
2016-09-07T14	1008279892518211_1278824275463770
2016-09-07T10	1008279892518211_1278685862144278
2016-09-07T10	1008279892518211_1278685985477599
2016-09-06T15	1008279892518211_1277997172213147
2016-09-06T13	1008279892518211_1277904372222427
2016-09-06T13	1008279892518211_1277886752224189
2016-09-06T11	1008279892518211_1277835638895967
2016-09-05T21	1008279892518211_1277350175611180
2016-09-04T15	1008279892518211_1276137295732468
2016-09-05T14	1008279892518211_1277058462307018
2016-09-05T14	1008279892518211_1277065135639684
2016-09-05T15	1008279892518211_1277117468967784
2016-09-05T10	1008279892518211_1276883258991205
2016-09-04T11	1008279892518211_1275948062418058
2016-09-04T10	1008279892518211_1275923159087215
2016-09-05T10	1008279892518211_1276886405657557
2016-09-04T21	1008279892518211_1276373355708862
2016-09-04T20	1008279892518211_1276338765712321
2016-09-04T10	1008279892518211_1275920382420826
post_publishe	post_id
2016-09-04T21	1008279892518211_1276373355708862
2016-09-04T20	1008279892518211_1276338765712321
2016-09-01T15	1008279892518211_1273316959347835
2016-08-31T21	1008279892518211_1272525809426950
2016-08-31T09	1008279892518211_1272033272809537
2016-08-26T15	1008279892518211_1267257279953803
2016-08-29T19	1008279892518211_1270541186292079
2016-08-30T23	1008279892518211_1271678486178349
2016-08-30T07	1008279892518211_1270996279579903
2016-08-30T20	1008279892518211_1271561496190048
2016-08-30T17	1008279892518211_1271380369541494
2016-08-30T17	1008279892518211_1271377976208400
2016-08-29T13	1008279892518211_1270234272989437
2016-08-30T16	1008279892518211_1271315286214669
2016-08-25T15	1008279892518211_1266319713380893
2016-08-23T12	1008279892518211_1264218950257636
2016-08-23T10	1008279892518211_1264159716930226
2016-08-22T15	1008279892518211_1263423380337193
2016-08-21T15	1008279892518211_1262519303760934
2016-08-19T09	1008279892518211_1260410027305195
2016-08-19T05	1008279892518211_1260302180649313
2016-08-18T09	1008279892518211_1259498324063032
2016-08-17T20	1008279892518211_1259119350767596
2016-08-17T02	1008279892518211_1258490157497182
2016-08-15T06	1008279892518211_1256999160979615
2016-08-15T22	1008279892518211_1257551200924411
2016-08-15T19	1008279892518211_1257400034272861
2016-08-14T15	1008279892518211_1256502547695943
2016-08-14T11	1008279892518211_1256347527711445
2016-08-14T09	1008279892518211_1256297881049743
2016-08-13T13	1008279892518211_1255615944451270
2016-08-13T10	1008279892518211_1255481864464678
2016-08-13T20	1008279892518211_1255884007757797
2016-08-13T17	1008279892518211_1255774574435407
2016-08-03T05	1008279892518211_1248025355210329
2016-08-01T23	1008279892518211_1247150068631191
2016-08-03T16	1008279892518211_1248318045181060
2016-07-19T12	1008279892518211_1237766216236243
2016-07-19T10	1008279892518211_1237702402909291
2016-07-19T08	1008279892518211_1237654049580793
2016-07-14T19	1008279892518211_1234319666580898
2016-07-16T21	1008279892518211_1235855236427341
2016-07-17T10	1008279892518211_1236213583058173
2016-07-14T17	1008279892518211_1234234729922725
2016-07-15T05	1008279892518211_1234666799879518
2016-07-16T14	1008279892518211_1235632313116300
2016-07-16T12	1008279892518211_1235560199790178
2016-07-15T19	1008279892518211_1235099233169608
2016-07-13T11	1008279892518211_1233285726684292
2016-07-14T16	1008279892518211_1234204323259099
2016-07-13T10	1008279892518211_1233234573356074
2016-07-13T20	1008279892518211_1233586936654171
2016-07-13T20	1008279892518211_1233576213321910
2016-07-11T13	1008279892518211_1232009893478542
2016-07-09T17	1008279892518211_1229774950368703
2016-07-13T01	1008279892518211_1233048606708004
2016-07-12T02	1008279892518211_1232412813438250
2016-07-12T10	1008279892518211_1232611673418364
2016-07-10T18	1008279892518211_1231334880212710
2016-07-09T17	1008279892518211_1229796107033254
2016-07-08T18	1008279892518211_1228772490468949
2016-07-07T11	1008279892518211_1226894223990109
2016-07-06T14	1008279892518211_1226224644057067
2016-07-06T23	1008279892518211_1226487250697473
2016-07-06T18	1008279892518211_1226333547379510
2016-07-02T18	1008279892518211_1223764674303064
2016-07-04T09	1008279892518211_1224792974200234
2016-07-02T17	1008279892518211_1223738040972394
2016-07-05T00	1008279892518211_1225205837492281
2016-07-03T01	1008279892518211_1223951970951001
2016-07-02T11	1008279892518211_1223542077658657
2016-07-03T10	1008279892518211_1224143614265170
2016-07-03T00	1008279892518211_1223912610954937
2016-07-03T04	1008279892518211_1224030927609772
2016-07-02T15	1008279892518211_1223670427645822
2016-07-01T01	1008279892518211_1222653794414152
2016-06-30T11	1008279892518211_1222276494451882
2016-06-30T23	1008279892518211_1222590691087129
2016-06-30T18	1008279892518211_1222472071098991
2016-06-30T19	1008279892518211_1222501721096026
2016-06-30T18	1008279892518211_1222468477766017
2016-06-30T16	1008279892518211_1222430561103142
2016-06-26T22	1008279892518211_1219963691349829
2016-06-28T17	1008279892518211_1221125311233667
2016-06-28T14	1008279892518211_1220988201247378
2016-06-27T00	1008279892518211_1220024874677044
2016-06-27T09	1008279892518211_1220248374654694
2016-06-27T14	1008279892518211_1220362764643255
2016-06-26T21	1008279892518211_1219941294685402
2016-06-27T22	1008279892518211_1220586841287514
2016-06-27T03	1008279892518211_1220092301336968
2016-06-27T00	1008279892518211_1220008201345378
2016-06-25T17	1008279892518211_1219171011429097
2016-06-25T13	1008279892518211_1219008811445317
2016-06-25T19	1008279892518211_1219243961421802
2016-06-25T16	1008279892518211_1219154941430704
2016-06-23T19	1008279892518211_1217862421559956
2016-06-23T11	1008279892518211_1217595164920015
2016-06-23T14	1008279892518211_1217701131576085
2016-06-21T18	1008279892518211_1216397755039756
2016-06-21T14	1008279892518211_1216260658386799
2016-06-20T00	1008279892518211_1215192165160315
2016-06-22T09	1008279892518211_1216821734997358
2016-06-21T17	1008279892518211_1216363198376545
2016-06-20T12	1008279892518211_1215493181796880
2016-06-20T11	1008279892518211_1215448971801301
2016-06-16T23	1008279892518211_1213088368704028
2016-06-13T18	1008279892518211_1211073182238880
2016-06-11T16	1008279892518211_1209715375707994
2016-06-11T15	1008279892518211_1209699615709570
2016-06-09T23	1008279892518211_1208619852484213
2016-06-07T23	1008279892518211_1207354909277374
2016-06-07T16	1008279892518211_1207141502632048
2016-06-07T16	1008279892518211_1207121469300718
2016-06-07T09	1008279892518211_1206948289318036
2016-06-07T12	1008279892518211_1207007789312086
2016-06-04T21	1008279892518211_1205393302806868
2016-06-06T21	1008279892518211_1206683176011214
post_publishe	post_id
2016-06-04T11	1008279892518211_1205081712838027
2016-06-02T05	1008279892518211_1203695279643337
2016-06-02T18	1008279892518211_1204068596272672
2016-06-02T17	1008279892518211_1204055856273946
2016-06-01T19	1008279892518211_1203367416342790
2016-06-01T11	1008279892518211_1203137276365804
2016-05-31T08	1008279892518211_1202350699777795
2016-05-30T06	1008279892518211_1201616749851190
2016-05-28T23	1008279892518211_1200805636598968
2016-05-27T13	1008279892518211_1199856776693854
2016-05-27T14	1008279892518211_1199891060023759
2016-05-27T15	1008279892518211_1199909346688597
2016-05-25T14	1008279892518211_1198681266811405
2016-05-25T20	1008279892518211_1198849620127903
2016-05-24T21	1008279892518211_1198300496849482
2016-05-18T19	1008279892518211_1194543580558507
2016-05-17T12	1008279892518211_1193765000636365
2016-05-19T22	1008279892518211_1195235607155971
2016-05-14T07	1008279892518211_1191886277490904
2016-05-15T16	1008279892518211_1192722794073919
2016-05-11T10	1008279892518211_1190243950988470
2016-05-14T06	1008279892518211_1191865980826267
2016-05-13T19	1008279892518211_1191639120848953
2016-05-12T10	1008279892518211_1190797427599789
2016-05-11T18	1008279892518211_1190457420967123
2016-05-13T07	1008279892518211_1191331360879729
2016-05-11T08	1008279892518211_1190194057660126
2016-05-11T19	1008279892518211_1190469197632612
2016-05-11T13	1008279892518211_1190335377645994
2016-05-10T08	1008279892518211_1189638104382388
2016-05-11T20	1008279892518211_1190501607629371
2016-05-11T12	1008279892518211_1190289640983901
2016-05-09T23	1008279892518211_1189456497733882
2016-05-08T08	1008279892518211_1188397837839748
2016-05-08T17	1008279892518211_1188663141146551
2016-05-08T10	1008279892518211_1188423134503885
2016-05-08T12	1008279892518211_1188512481161617
2016-05-07T20	1008279892518211_1188108164535382
2016-05-07T12	1008279892518211_1187847937894738
2016-05-06T19	1008279892518211_1187420861270779
2016-05-06T07	1008279892518211_1187120227967509
2016-05-06T14	1008279892518211_1187277004618498
2016-05-06T08	1008279892518211_1187135854632613
2016-05-05T12	1008279892518211_1186636168015915
2016-05-05T12	1008279892518211_1186634368016095
2016-05-03T14	1008279892518211_1185533804792818
2016-05-04T06	1008279892518211_1185920718087460
2016-05-03T06	1008279892518211_1185374074808791
2016-05-03T18	1008279892518211_1185638288115703
2016-05-03T17	1008279892518211_1185621678117364
2016-05-03T10	1008279892518211_1185452421467623
2016-04-30T20	1008279892518211_1183934331619432
2016-04-27T21	1008279892518211_1182043368475195
2016-04-28T20	1008279892518211_1182627415083457
2016-04-27T18	1008279892518211_1181957551817110
2016-04-28T15	1008279892518211_1182466595099539
2016-04-27T16	1008279892518211_1181911258488406
2016-04-27T11	1008279892518211_1181739298505602
2016-04-25T23	1008279892518211_1180798425266356
2016-04-23T17	1008279892518211_1179360035410195
2016-04-24T17	1008279892518211_1179970228682509
2016-04-24T07	1008279892518211_1179706928708839
2016-04-23T09	1008279892518211_1179129245433274
2016-04-20T08	1008279892518211_1177288935617305
2016-04-22T07	1008279892518211_1178466938832838
2016-04-20T11	1008279892518211_1177335128946019
2016-04-21T08	1008279892518211_1177888098890722
2016-04-19T17	1008279892518211_1176929005653298
2016-04-19T19	1008279892518211_1176976715648527
2016-04-19T06	1008279892518211_1176644942348371
2016-04-19T15	1008279892518211_1176867828992749
2016-04-19T17	1008279892518211_1176932955652903
2016-04-17T09	1008279892518211_1175368879142644
2016-04-18T00	1008279892518211_1175911485755050
2016-04-17T21	1008279892518211_1175667615779437
2016-04-17T21	1008279892518211_1175678349111697
2016-04-15T15	1008279892518211_1174336285912570
2016-04-15T09	1008279892518211_1174155202597345
2016-04-14T06	1008279892518211_1173546312658234
2016-04-14T19	1008279892518211_1173847432628122
2016-04-14T11	1008279892518211_1173627815983417
2016-04-13T13	1008279892518211_1173052412707624
2016-04-11T11	1008279892518211_1171480849531447
2016-04-13T13	1008279892518211_1173079579371574
2016-04-13T15	1008279892518211_1173156179363914
2016-04-12T13	1008279892518211_1172287899450742
2016-04-11T16	1008279892518211_1171644952848370
2016-04-11T19	1008279892518211_1171728122840053
2016-04-10T23	1008279892518211_1171188222894043
2016-04-10T18	1008279892518211_1170998506246348
2016-04-10T18	1008279892518211_1170997526246446
2016-04-08T18	1008279892518211_1169750653037800
2016-04-10T11	1008279892518211_1170795602933305
2016-04-10T11	1008279892518211_1170776472935218
2016-04-08T13	1008279892518211_1169544793058386
2016-04-09T19	1008279892518211_1170388599640672
2016-04-07T20	1008279892518211_1169138503099015
2016-04-08T11	1008279892518211_1169509776395221
2016-04-08T07	1008279892518211_1169397826406416
2016-04-07T10	1008279892518211_1168794699800062
2016-04-05T13	1008279892518211_1167723219907210
2016-04-06T13	1008279892518211_1168288299850702
2016-04-06T07	1008279892518211_1168151156531083
2016-04-04T15	1008279892518211_1167105063302359
2016-04-04T19	1008279892518211_1167205713292294
2016-04-03T14	1008279892518211_1166463953366470
2016-04-03T21	1008279892518211_1166667530012779
2016-04-01T09	1008279892518211_1164940666852132
2016-04-02T20	1008279892518211_1166009956745203
2016-04-02T20	1008279892518211_1166007416745457
2016-04-02T05	1008279892518211_1165556713457194
2016-04-01T14	1008279892518211_1165084460171086
2016-04-01T06	1008279892518211_1164834096862789
2016-03-29T15	1008279892518211_1161855113827354
2016-03-29T14	1008279892518211_1161852200494312
2016-03-27T11	1008279892518211_1159505460728986
2016-03-27T08	1008279892518211_1159387550740777
2016-03-26T17	1008279892518211_1158662930813239
2016-03-26T15	1008279892518211_1158572310822301
2016-03-25T19	1008279892518211_1157724720907060
2016-03-23T07	1008279892518211_1155238494489016
2016-03-24T00	1008279892518211_1155963861083146
2016-03-23T22	1008279892518211_1155885574424308
2016-03-22T11	1008279892518211_1154403857905813
2016-03-22T20	1008279892518211_1154775137868685
2016-03-22T23	1008279892518211_1154891734523692
2016-03-23T13	1008279892518211_1155490244463841
2016-03-22T22	1008279892518211_1154879367858262
2016-03-21T18	1008279892518211_1153662554646610
2016-03-22T14	1008279892518211_1154526304560235
2016-03-21T16	1008279892518211_1153620047984194
2016-03-16T12	1008279892518211_1149658311713701
2016-03-18T16	1008279892518211_1151353711544161
2016-03-17T15	1008279892518211_1150528381626694
2016-03-17T11	1008279892518211_1150403081639224
2016-03-16T19	1008279892518211_1149943565018509
2016-03-16T10	1008279892518211_1149609915051874
2016-03-08T07	1008279892518211_1144019638944235
2016-03-15T09	1008279892518211_1148863561793176
2016-03-13T14	1008279892518211_1147600555252810
2016-03-13T12	1008279892518211_1147520495260816
2016-03-11T18	1008279892518211_1146350752044457
2016-03-13T10	1008279892518211_1147470468599152
2016-03-11T13	1008279892518211_1146202525392613
2016-03-09T11	1008279892518211_1145016782177854
2016-03-09T17	1008279892518211_1145182612161271
2016-03-09T16	1008279892518211_1145168465496019
2016-03-08T18	1008279892518211_1144409152238617
2016-03-09T12	1008279892518211_1145039475508918
2016-03-09T09	1008279892518211_1144950988851100
2016-03-08T09	1008279892518211_1144119445600921
2016-03-08T20	1008279892518211_1144442138901985
2016-03-08T18	1008279892518211_1144399368906262
2016-03-06T07	1008279892518211_1142654759080723
post_publishe	post_id
2016-03-03T19	1008279892518211_1141272002552332
2016-03-03T10	1008279892518211_1140965339249665
2016-03-03T08	1008279892518211_1140936849252514
2016-03-03T19	1008279892518211_1141251465887719
2016-03-03T14	1008279892518211_1141032915909574
2016-03-01T11	1008279892518211_1139961506016715
2016-03-02T18	1008279892518211_1140679905944875
2016-03-02T15	1008279892518211_1140604012619131
2016-03-02T06	1008279892518211_1140404142639118
2016-02-29T14	1008279892518211_1139546522724880
2016-02-09T22	1008279892518211_1128562743823258
2016-03-01T00	1008279892518211_1139774756035390
2016-02-28T19	1008279892518211_1139145462764986
2016-02-25T13	1008279892518211_1137221399624059
2016-02-25T12	1008279892518211_1137191426293723
2016-02-25T07	1008279892518211_1137095996303266
2016-02-24T14	1008279892518211_1136737176339148
2016-02-23T07	1008279892518211_1136032073076325
2016-02-23T16	1008279892518211_1136277716385094
2016-02-23T19	1008279892518211_1136346279711571
2016-02-19T12	1008279892518211_1133840309962168
2016-02-22T20	1008279892518211_1135727113106821
2016-02-20T17	1008279892518211_1134532069892992
2016-02-21T21	1008279892518211_1135185656494300
2016-02-20T13	1008279892518211_1134416139904585
2016-02-19T10	1008279892518211_1133795413299991
2016-02-19T18	1008279892518211_1134004133279119
2016-02-17T15	1008279892518211_1132803666732499
2016-02-15T21	1008279892518211_1131902316822634
2016-02-11T12	1008279892518211_1129419520404247
2016-02-12T11	1008279892518211_1129976533681879
2016-02-15T08	1008279892518211_1131599610186238
2016-02-13T16	1008279892518211_1130677183611814
2016-02-11T14	1008279892518211_1129474880398711
2016-02-11T12	1008279892518211_1129444633735069
2016-02-11T11	1008279892518211_1129396317073234
2016-02-11T16	1008279892518211_1129556100390589
2016-02-11T10	1008279892518211_1129379387074927
2016-02-11T12	1008279892518211_1129429860403213
2016-02-05T10	1008279892518211_1126114190734780
2016-02-05T07	1008279892518211_1126068917405974
2016-02-05T07	1008279892518211_1126068510739348
2016-02-02T09	1008279892518211_1124637634215769
2016-02-02T09	1008279892518211_1124636800882519
2016-02-01T21	1008279892518211_1124419464237586
2016-01-31T18	1008279892518211_1123792954300237
2016-01-29T21	1008279892518211_1122875844391948
2016-01-31T03	1008279892518211_1123453374334195
2016-01-30T12	1008279892518211_1123140771032122
2016-01-29T18	1008279892518211_1122818471064352
2016-01-30T11	1008279892518211_1123119624367570
2016-01-29T13	1008279892518211_1122674471078752
2016-01-29T21	1008279892518211_1122882237724642
2016-01-29T19	1008279892518211_1122835124396020
2016-01-28T08	1008279892518211_1122031527809713
2016-01-26T20	1008279892518211_1121173981228801
2016-01-24T10	1008279892518211_1119888738023992
2016-01-26T08	1008279892518211_1120885814590951
2016-01-25T22	1008279892518211_1120691511277048
2016-01-24T11	1008279892518211_1119916744687858
2016-01-24T06	1008279892518211_1119831554696377
2016-01-23T22	1008279892518211_1119662511379948
2016-01-22T19	1008279892518211_1119122861433913
2016-01-21T11	1008279892518211_1118427594836773
2016-01-21T18	1008279892518211_1118619971484202
2016-01-21T18	1008279892518211_1118620098150856
2016-01-20T14	1008279892518211_1118003808212485
2016-01-20T16	1008279892518211_1118056308207235
2016-01-19T14	1008279892518211_1117438138269052
2016-01-19T20	1008279892518211_1117618538251012
2016-01-16T20	1008279892518211_1116059985073534
2016-01-16T18	1008279892518211_1116024038410462
2016-01-17T12	1008279892518211_1116388885040644
2016-01-15T11	1008279892518211_1115305938482272
2016-01-16T20	1008279892518211_1116089675070565
2016-01-15T21	1008279892518211_1115525651793634
2016-01-16T14	1008279892518211_1115905431755656
2016-01-15T09	1008279892518211_1115279351818264
2016-01-13T15	1008279892518211_1114410668571799
2016-01-13T23	1008279892518211_1114622161883983
2016-01-13T17	1008279892518211_1114458458567020
2016-01-12T16	1008279892518211_1113996428613223
2016-01-11T21	1008279892518211_1113588431987356
2016-01-11T10	1008279892518211_1113262622019937
2016-01-09T23	1008279892518211_1112448165434716
2016-01-09T22	1008279892518211_1112432148769651
2016-01-08T09	1008279892518211_1111539422192257
2016-01-08T20	1008279892518211_1111830272163172
2016-01-08T19	1008279892518211_1111801495499383
2016-01-07T19	1008279892518211_1111231528889713
2016-01-07T08	1008279892518211_1110966148916251
2016-01-07T00	1008279892518211_1110845585594974
2016-01-06T17	1008279892518211_1110696595609873
2016-01-06T17	1008279892518211_1110683332277866
2016-01-05T19	1008279892518211_1110254742320725
2016-01-06T09	1008279892518211_1110509748961891
2016-01-06T10	1008279892518211_1110539198958946
2016-01-05T12	1008279892518211_1110033442342855
2016-01-05T22	1008279892518211_1110320485647484
2016-01-05T21	1008279892518211_1110299042316295
2016-01-04T14	1008279892518211_1109582129054653
post_publishe	post_id
2015-12-02T14	1008279892518211_1091976380815228
2015-11-30T09	1008279892518211_1090870557592477
2015-12-02T19	1008279892518211_1092082797471253
2015-11-29T20	1008279892518211_1090597717619761
2015-11-30T18	1008279892518211_1091079690904897
2015-11-29T11	1008279892518211_1089553757724157
2015-11-28T13	1008279892518211_1087880251224841
2015-11-28T12	1008279892518211_1087877364558463
2015-11-27T18	1008279892518211_1087574047922128
2015-11-27T10	1008279892518211_1087426767936856
2015-11-27T09	1008279892518211_1087409714605228
2015-11-27T07	1008279892518211_1087376291275237
2015-11-25T14	1008279892518211_1086635824682617
2015-11-26T08	1008279892518211_1086935834652616
2015-11-25T15	1008279892518211_1086666138012919
2015-11-21T20	1008279892518211_1084945518184981
2015-11-22T15	1008279892518211_1085298804816319
2015-11-22T23	1008279892518211_1085455964800603
2015-11-21T21	1008279892518211_1084973271515539
2015-11-20T05	1008279892518211_1084261604920039
2015-11-22T00	1008279892518211_1085014771511389
2015-11-21T08	1008279892518211_1084690681543798
2015-11-21T03	1008279892518211_1084622384883961
2015-11-20T19	1008279892518211_1084485584897641
2015-11-19T10	1008279892518211_1083889374957262
2015-11-17T23	1008279892518211_1083236978355835
2015-11-16T18	1008279892518211_1082713548408178
2015-11-15T17	1008279892518211_1082274928452040
2015-11-15T16	1008279892518211_1082255185120681
2015-11-13T19	1008279892518211_1081445048535028
2015-11-12T12	1008279892518211_1080870731925793
2015-11-13T14	1008279892518211_1081338975212302
2015-11-12T16	1008279892518211_1080948751917991
2015-11-12T20	1008279892518211_1081028355243364
2015-11-11T14	1008279892518211_1080386941974172
2015-11-12T07	1008279892518211_1080791651933701
2015-11-10T09	1008279892518211_1079878095358390
2015-11-10T18	1008279892518211_1080042372008629
2015-11-11T13	1008279892518211_1080365688642964
2015-11-10T16	1008279892518211_1080008762011990
2015-11-10T06	1008279892518211_1079835572029309
2015-11-07T09	1008279892518211_1078448668834666
2015-11-08T12	1008279892518211_1078955955450604
2015-11-07T17	1008279892518211_1078608072152059
2015-10-27T10	1008279892518211_1073778062635060
2015-10-20T17	1008279892518211_1070814319598101
2015-10-20T09	1008279892518211_1070658616280338
2015-10-19T17	1008279892518211_1070403559639177
2015-10-18T21	1008279892518211_1070072423005624
2015-10-17T12	1008279892518211_1069470683065798
2015-10-18T20	1008279892518211_1070045549674978
2015-10-18T09	1008279892518211_1069838726362327
2015-10-18T10	1008279892518211_1069845399694993
2015-10-15T18	1008279892518211_1068777246468475
2015-10-16T09	1008279892518211_1069007693112097
2015-10-16T09	1008279892518211_1069007629778770
2015-10-15T22	1008279892518211_1068836536462546
2015-10-14T15	1008279892518211_1068254223187444
2015-10-14T17	1008279892518211_1068334046512795
2015-10-13T14	1008279892518211_1067726696573530
2015-10-12T15	1008279892518211_1067255426620657
2015-10-12T19	1008279892518211_1067336369945896
2015-10-11T15	1008279892518211_1066813193331547
2015-10-12T08	1008279892518211_1067120813300785
2015-10-11T19	1008279892518211_1066898039989729
2015-10-09T17	1008279892518211_1065951966751003
2015-10-10T12	1008279892518211_1066292133383653
2015-10-04T13	1008279892518211_1063652123647654
2015-10-04T15	1008279892518211_1063709186975281
2015-10-04T14	1008279892518211_1063679603644906
2015-10-03T17	1008279892518211_1063317610347772
2015-10-03T12	1008279892518211_1063190063693860
2015-10-04T12	1008279892518211_1063632636982936
2015-10-03T11	1008279892518211_1063174097028790
2015-10-04T11	1008279892518211_1063611713651695
2015-10-02T12	1008279892518211_1062776123735254
2015-10-01T13	1008279892518211_1062380223774844
2015-10-02T08	1008279892518211_1062710580408475
2015-10-01T18	1008279892518211_1062473170432216
2015-10-01T10	1008279892518211_1062313587114841
2015-10-01T01	1008279892518211_1062177453795121
2015-10-01T13	1008279892518211_1062367090442824
2015-10-01T19	1008279892518211_1062494277096772
2015-10-01T14	1008279892518211_1062392347106965
2015-10-01T08	1008279892518211_1062288970450636
2015-10-01T13	1008279892518211_1062361700443363
2015-10-01T12	1008279892518211_1062337940445739
2015-09-29T16	1008279892518211_1061593927186807
2015-09-29T11	1008279892518211_1061489970530536
2015-09-30T05	1008279892518211_1061818487164351
2015-09-28T22	1008279892518211_1061279097218290
2015-09-29T15	1008279892518211_1061552610524272
2015-09-28T15	1008279892518211_1061158967230303
2015-09-28T11	1008279892518211_1061065047239695
2015-09-28T10	1008279892518211_1061056703907196
2015-09-28T10	1008279892518211_1061051590574374
2015-09-28T10	1008279892518211_1061051517241048
2015-09-28T08	1008279892518211_1061028817243318
2015-09-26T21	1008279892518211_1060403097305890
2015-09-26T16	1008279892518211_1060311437315056
2015-09-26T14	1008279892518211_1060270287319171
2015-09-26T16	1008279892518211_1060317260647807
2015-09-22T16	1008279892518211_1058481017498098
2015-09-26T11	1008279892518211_1060189950660538
2015-09-24T20	1008279892518211_1059529160726617
2015-09-25T13	1008279892518211_1059823247363875
2015-09-23T20	1008279892518211_1059032584109608
2015-09-23T11	1008279892518211_1058842314128635
2015-09-09T07	1008279892518211_1050877891591744
2015-09-21T13	1008279892518211_1057753010904232
2015-09-20T16	1008279892518211_1057307097615490
2015-09-21T21	1008279892518211_1057987334214133
2015-09-20T14	1008279892518211_1057249464287920
2015-09-21T19	1008279892518211_1057948080884725
2015-09-20T05	1008279892518211_1057073774305489
2015-09-19T23	1008279892518211_1056956907650509
2015-09-19T07	1008279892518211_1056589871020546
2015-09-19T10	1008279892518211_1056644994348367
2015-09-19T08	1008279892518211_1056601601019373
2015-09-19T17	1008279892518211_1056835324329334
2015-09-19T17	1008279892518211_1056851677661032
2015-09-18T12	1008279892518211_1056183817727818
2015-09-18T15	1008279892518211_1056260634386803
2015-09-17T10	1008279892518211_1055670711112462
2015-09-17T17	1008279892518211_1055832261096307
2015-09-16T21	1008279892518211_1055412091138324
2015-09-17T14	1008279892518211_1055781041101429
2015-09-15T20	1008279892518211_1054840277862172
2015-09-16T15	1008279892518211_1055277761151757
2015-09-16T13	1008279892518211_1055213244491542
2015-09-15T20	1008279892518211_1054838847862315
2015-09-16T06	1008279892518211_1055056881173845
2015-09-15T10	1008279892518211_1054605017885698
2015-09-15T10	1008279892518211_1054604374552429
2015-09-15T10	1008279892518211_1054603801219153
2015-09-14T17	1008279892518211_1054247034588163
2015-09-15T20	1008279892518211_1054850761194457
2015-09-15T18	1008279892518211_1054809231198610
2015-09-15T08	1008279892518211_1054566401222893
2015-09-14T21	1008279892518211_1054344707911729
2015-09-15T12	1008279892518211_1054641274548739
2015-09-15T11	1008279892518211_1054611557885044
2015-09-15T02	1008279892518211_1054478151231718
2015-09-12T10	1008279892518211_1052708501408683
2015-09-13T20	1008279892518211_1053829197963280
2015-09-13T07	1008279892518211_1053354034677463
2015-09-13T21	1008279892518211_1053847827961417
2015-09-12T17	1008279892518211_1052863484726518
2015-09-13T14	1008279892518211_1053659521313581
2015-09-11T14	1008279892518211_1052227011456832
2015-09-13T13	1008279892518211_1053541794658687
2015-09-12T20	1008279892518211_1052975564715310
2015-09-13T11	1008279892518211_1053437608002439
2015-09-13T10	1008279892518211_1053428381336695
2015-09-13T09	1008279892518211_1053395414673325
2015-09-11T14	1008279892518211_1052237094789157
2015-09-09T13	1008279892518211_1051072121572321
2015-09-11T11	1008279892518211_1052163858129814
2015-09-10T10	1008279892518211_1051554234857443
2015-09-10T17	1008279892518211_1051808211498712
2015-09-10T17	1008279892518211_1051788621500671
2015-09-10T16	1008279892518211_1051744224838444
2015-09-06T14	1008279892518211_1049546041724929
2015-09-06T13	1008279892518211_1049497635063103
2015-09-04T22	1008279892518211_1048579185154948
2015-09-04T22	1008279892518211_1048567185156148
2015-09-05T12	1008279892518211_1048815425131324
2015-09-04T16	1008279892518211_1048430525169814
2015-09-04T16	1008279892518211_1048420598504140
2015-09-04T15	1008279892518211_1048392951840238
2015-09-03T17	1008279892518211_1047917845221082
2015-09-04T14	1008279892518211_1048369371842596
2015-09-02T18	1008279892518211_1047342221945311
2015-09-02T16	1008279892518211_1047297878616412
2015-09-01T10	1008279892518211_1046579382021595
2015-09-01T16	1008279892518211_1046694695343397
2015-09-01T17	1008279892518211_1046732588672941
2015-08-29T10	1008279892518211_1045004178845782
2015-08-29T10	1008279892518211_1044992565513610
2015-08-30T13	1008279892518211_1045624902117043
2015-08-30T08	1008279892518211_1045483265464540
2015-08-30T11	1008279892518211_1045548402124693
2015-08-30T07	1008279892518211_1045477375465129
2015-08-29T21	1008279892518211_1045275358818664
2015-08-29T18	1008279892518211_1045214795491387
2015-08-29T07	1008279892518211_1044953268850873
2015-08-28T05	1008279892518211_1044400018906198
2015-08-28T22	1008279892518211_1044745772204956
2015-08-29T16	1008279892518211_1045177998828400
2015-08-29T13	1008279892518211_1045089562170577
2015-08-29T07	1008279892518211_1044951532184380
2015-08-29T12	1008279892518211_1045045238841676
2015-08-29T13	1008279892518211_1045089188837281
2015-08-29T12	1008279892518211_1045041925508674
2015-08-29T12	1008279892518211_1045041015508765
2015-08-28T06	1008279892518211_1044408415572025
2015-08-29T11	1008279892518211_1045025435510323
2015-08-28T17	1008279892518211_1044652815547585
2015-08-29T08	1008279892518211_1044968882182645
2015-08-29T03	1008279892518211_1044880682191465
2015-08-28T17	1008279892518211_1044658838880316
2015-08-28T16	1008279892518211_1044622438883956
2015-08-28T08	1008279892518211_1044435822235951
2015-08-27T01	1008279892518211_1043634338982766
2015-08-25T19	1008279892518211_1042971065715760
2015-08-25T17	1008279892518211_1042930452386488
2015-08-24T18	1008279892518211_1042375245775342
2015-08-23T02	1008279892518211_1041451185867748
2015-08-22T22	1008279892518211_1041332022546331
2015-08-22T22	1008279892518211_1041326129213587
2015-08-22T15	1008279892518211_1041197189226481
2015-08-22T12	1008279892518211_1041117219234478
2015-08-20T16	1008279892518211_1040094902670043
2015-08-20T21	1008279892518211_1040231065989760
2015-08-20T21	1008279892518211_1040237052655828
2015-08-20T20	1008279892518211_1040209695991897
2015-08-20T17	1008279892518211_1040127772666756
2015-08-20T17	1008279892518211_1040130089333191
2015-08-20T17	1008279892518211_1040129829333217
2015-08-20T16	1008279892518211_1040092279336972
2015-08-20T15	1008279892518211_1040082722671261
2015-08-20T13	1008279892518211_1040018782677655
2015-08-20T10	1008279892518211_1039944016018465
2015-08-18T20	1008279892518211_1039156719430528
2015-08-20T09	1008279892518211_1039919706020896
2015-08-19T19	1008279892518211_1039644926048374
2015-08-19T22	1008279892518211_1039704352709098
2015-08-20T07	1008279892518211_1039873442692189
2015-08-19T19	1008279892518211_1039660089380191
2015-08-19T19	1008279892518211_1039655216047345
2015-08-19T16	1008279892518211_1039589132720620
2015-08-19T15	1008279892518211_1039553346057532
2015-08-18T20	1008279892518211_1039153826097484
2015-08-19T14	1008279892518211_1039498169396383
2015-08-19T05	1008279892518211_1039331089413091
2015-08-19T00	1008279892518211_1039245156088351
2015-08-18T23	1008279892518211_1039223869423813
2015-08-18T15	1008279892518211_1039043342775199
2015-08-18T11	1008279892518211_1038970492782484
2015-08-16T18	1008279892518211_1038036559542544
2015-08-14T14	1008279892518211_1037005879645612
2015-08-14T12	1008279892518211_1036953059650894
2015-08-13T23	1008279892518211_1036729879673212
2015-08-13T10	1008279892518211_1036475366365330
2015-08-12T18	1008279892518211_1036187173060816
2015-08-13T11	1008279892518211_1036484103031123
2015-08-13T10	1008279892518211_1036475326365334
2015-08-13T10	1008279892518211_1036474489698751
2015-08-13T06	1008279892518211_1036408409705359
2015-08-12T21	1008279892518211_1036267403052793
2015-08-12T21	1008279892518211_1036265549719645
2015-08-11T21	1008279892518211_1035583996454467
2015-08-11T12	1008279892518211_1035254989820701
2015-08-08T18	1008279892518211_1033529183326615
2015-08-10T21	1008279892518211_1034742959871904
2015-08-10T00	1008279892518211_1034299813249552
2015-08-10T14	1008279892518211_1034561496556717
2015-08-10T12	1008279892518211_1034529356559931
2015-08-08T12	1008279892518211_1033400283339505
2015-08-08T14	1008279892518211_1033445806668286
2015-08-07T22	1008279892518211_1033149530031247
2015-08-07T22	1008279892518211_1033143683365165
2015-08-07T20	1008279892518211_1033105936702273
2015-08-05T09	1008279892518211_1031558143523719
2015-08-04T14	1008279892518211_1031174456895421
2015-08-04T06	1008279892518211_1031041546908712
2015-08-01T20	1008279892518211_1029794937033373
2015-08-02T05	1008279892518211_1029964853683048
2015-08-01T12	1008279892518211_1029619883717545
2015-07-30T17	1008279892518211_1028777390468461
2015-07-30T16	1008279892518211_1028757187137148
2015-07-29T21	1008279892518211_1028410717171795
2015-07-29T11	1008279892518211_1028222797190587
2015-07-29T00	1008279892518211_1028073250538875
2015-07-27T20	1008279892518211_1027398483939685
2015-07-24T08	1008279892518211_1025664940779706
2015-07-24T14	1008279892518211_1025764117436455
2015-07-23T15	1008279892518211_1025333117479555
2015-07-16T12	1008279892518211_1021638707848996
2015-07-21T15	1008279892518211_1024286120917588
2015-07-14T06	1008279892518211_1020597907953076
2015-07-08T17	1008279892518211_1018018591544341
2015-06-28T14	1008279892518211_1012386985440835
2015-06-21T21	1008279892518211_1008524509160416
